guid,title,price,price_label,km,first_registration,year_raw,fuel_code,fuel,gear,power_raw,power_kw,power_hp,condition,seller_type_raw,seller_type,leads_range,zip_code,is_sport,body_type,make,model,seller_name,location,url,scraped_at,year,lat,lon,place_name
10d6ad2e-8dfc-4ae4-ad34-d10d326097dc,Toyota Corolla TOYOTA COROLLA Corolla 122h Dynamic,18900,good-price,57000,09-2021,09/2021,2,Electrique/Essence,,81 kW (110 Ch),81.0,110.0,Nouveau,d,Professionnel,many,1730,False,Berline / 5 portes (non détecté comme break),toyota,corolla,MDV CARS,BE-1730 Asse,,2026-08-25T01:23:22.426605,2021,50.9312,4.2263,Mollem
ca343720-48d3-41ed-995a-8468c864b9f3,Toyota Corolla Dynamic,19390,top-price,38540,03-2021,03/2021,2,Electrique/Essence,,72 kW (98 Ch),72.0,98.0,,d,Professionnel,some,7033,False,Berline / 5 portes (non détecté comme break),toyota,corolla,Toyota Mons,BE-7033 Mons,,2026-08-25T01:23:22.504646,2021,50.4362,3.9232,Cuesmes
d99260ec-546f-4fc1-b521-da9904e9663b,Toyota Corolla Hybrid 1.8 GR LED GPS CARPLAY CAMERA CUIR SIEGES CHAUFF.,23990,fair-price,74984,04-2022,04/2022,2,Electrique/Essence,,72 kW (98 Ch),72.0,98.0,,d,Professionnel,some,4000,False,Berline / 5 portes (non détecté comme break),toyota,corolla,Mon Occasion,BE-4000 Liège,,2026-08-25T01:23:22.577317,2022,50.6758,5.5462,Rocourt
7484913c-874e-4476-9b99-f163dabf8948,Toyota Corolla 122hp HEV TS Premium | park assist,22990,good-price,80455,11-2022,11/2022,2,Electrique/Essence,,72 kW (98 Ch),72.0,98.0,,d,Professionnel,some,1200,False,"Break / Touring (probable, 'TS')",toyota,corolla,Toyota City Approved Used Woluwe,BE-1200 Woluwe-Saint-Lambert,,2026-08-25T01:23:22.644206,2022,50.8439,4.4291,Woluwe-Saint-Lambert
efab2368-c1f9-447c-a6e6-ebcf2d0ccb90,Toyota Corolla Dynamic,19450,fair-price,89850,02-2020,02/2020,2,Electrique/Essence,,72 kW (98 Ch),72.0,98.0,,d,Professionnel,some,3020,False,Berline / 5 portes (non détecté comme break),toyota,corolla,De Bruyn Leuven,BE-3020 Herent,,2026-08-25T01:23:22.712934,2020,50.9081,4.6191,Veltem-Beisem
6ef51d32-4078-4cd8-b745-f551c99549a0,Toyota Corolla Camera Half Leder Zetelverwarming Toyota Onderhouden,23200,top-price,36000,01-2023,01/2023,2,Electrique/Essence,,72 kW (98 Ch),72.0,98.0,,d,Professionnel,some,9340,False,Berline / 5 portes (non détecté comme break),toyota,corolla,Autohandel Batena,BE-9340 Lede,,2026-08-25T01:23:22.780742,2023,50.9742,3.9564,Wanzele
fdf7262a-a497-485f-9f5c-2a043d78cb0f,Toyota Corolla Corolla Touring + Hybrid + NAVI / CAM / LED + Garantie,19999,fair-price,93915,04-2021,04/2021,2,Electrique/Essence,,72 kW (98 Ch),72.0,98.0,,d,Professionnel,some,1070,False,Break / Touring (détecté),toyota,corolla,Dewilde Motor & Co,BE-1070 Anderlecht,,2026-08-25T01:23:22.839488,2021,50.8362,4.3145,Anderlecht
cc9afb8c-3bbe-4edc-8aeb-466e23ead3a3,Toyota Corolla SW Hybrid 1.8 GR Sport GPF e-CVT* CarPlay*,22990,somewhat-expensive,99950,02-2023,02/2023,2,Electrique/Essence,,72 kW (98 Ch),72.0,98.0,,d,Professionnel,some,1600,True,Break / Touring (détecté),toyota,corolla,Tony Car sprl,BE-1600 Sint-Pieters-Leeuw,,2026-08-25T01:23:22.899821,2023,50.7793,4.2435,Sint-Pieters-Leeuw
f743515a-714b-4527-8031-1bb08db370d6,Toyota Corolla 196hp HEV TS Premium | carplay | camera,29490,good-price,55145,02-2024,02/2024,2,Electrique/Essence,,112 kW (152 Ch),112.0,152.0,,d,Professionnel,some,1200,False,"Break / Touring (probable, 'TS')",toyota,corolla,Toyota City Approved Used Woluwe,BE-1200 Woluwe-Saint-Lambert,,2026-08-25T01:23:22.959962,2024,50.8439,4.4291,Woluwe-Saint-Lambert
66388b34-2252-4ac8-ad07-125b157d9fe8,Toyota Corolla Corolla TS Hybrid 1.8 e-CVT Style Incl. 10 Ans de Garantie,29990,top-price,15,04-2026,04/2026,2,Electrique/Essence,,72 kW (98 Ch),72.0,98.0,,d,Professionnel,some,5100,False,"Break / Touring (probable, 'TS')",toyota,corolla,click2move by Declerc,BE-5100 Naninne (Namur),,2026-08-25T01:23:23.017781,2026,50.4215,4.864,Wépion
9013e405-5ffa-4be7-af69-cdd94a03d66e,Toyota Corolla 140hp HEV TS Premium | head up | carplay | all sea,29990,top-price,25450,03-2025,03/2025,2,Electrique/Essence,,72 kW (98 Ch),72.0,98.0,,d,Professionnel,zero,1200,False,"Break / Touring (probable, 'TS')",toyota,corolla,Toyota City Approved Used Woluwe,BE-1200 Woluwe-Saint-Lambert,,2026-08-25T01:23:23.078274,2025,50.8439,4.4291,Woluwe-Saint-Lambert
344e46d6-335d-4d1d-bb4d-b60699def639,Toyota Corolla Style + zetelverwarming Toyota Corolla Cross Style,29999,good-price,19277,09-2024,09/2024,2,Electrique/Essence,,112 kW (152 Ch),112.0,152.0,,d,Professionnel,some,9160,False,Berline / 5 portes (non détecté comme break),toyota,corolla,Toyota Certified - Willems Lokeren,BE-9160 Lokeren,,2026-08-25T01:23:23.139968,2024,51.1488,3.9681,Eksaarde
1c5f8dba-093b-487d-af5b-11542390cb87,Toyota Corolla Toyota Corolla TS Hybride 1.8 10/2025 - Nieuw! 9km,33990,fair-price,9,new,- (Année),2,Electrique/Essence,,72 kW (98 Ch),72.0,98.0,,d,Professionnel,some,3120,False,"Break / Touring (probable, 'TS')",toyota,corolla,Gp Car Repair,BE-3120 Tremelo,,2026-08-25T01:23:23.194587,,50.9923,4.7081,Tremelo
0ed377fd-7b54-41cb-abcd-8189209c13a7,Toyota Corolla 140hp HEV TS Style | carplay | camera,28990,good-price,28002,02-2025,02/2025,2,Electrique/Essence,,72 kW (98 Ch),72.0,98.0,,d,Professionnel,zero,1200,False,"Break / Touring (probable, 'TS')",toyota,corolla,Toyota City Approved Used Woluwe,BE-1200 Woluwe-Saint-Lambert,,2026-08-25T01:23:23.254074,2025,50.8439,4.4291,Woluwe-Saint-Lambert
a49ec95b-e547-47bf-b795-29c6609ab877,Toyota Corolla 140hp HEV TS GR Sport BiTone,32990,fair-price,24660,02-2025,02/2025,2,Electrique/Essence,,72 kW (98 Ch),72.0,98.0,,d,Professionnel,zero,1200,True,"Break / Touring (probable, 'TS')",toyota,corolla,Toyota City Approved Used Woluwe,BE-1200 Woluwe-Saint-Lambert,,2026-08-25T01:23:23.309991,2025,50.8439,4.4291,Woluwe-Saint-Lambert
b6350f99-37e7-446c-9da5-4ad39a7f261a,Toyota Corolla TS 1.8 Hybrid Style e-CVT - DEMO,29990,fair-price,12000,06-2025,06/2025,2,Electrique/Essence,,103 kW (140 Ch),103.0,140.0,,d,Professionnel,zero,2630,False,"Break / Touring (probable, 'TS')",toyota,corolla,GMS Center Antwerpen Zuid,BE-2630 Antwerpen,,2026-08-25T01:23:23.364397,2025,51.1341,4.3868,Aartselaar
9b509657-3792-4050-8602-566e264161c4,Toyota Corolla 140hp HEV TS GR Sport | carplay | camera,34990,somewhat-expensive,14648,05-2025,05/2025,2,Electrique/Essence,,72 kW (98 Ch),72.0,98.0,,d,Professionnel,zero,1200,True,"Break / Touring (probable, 'TS')",toyota,corolla,Toyota City Approved Used Woluwe,BE-1200 Woluwe-Saint-Lambert,,2026-08-25T01:23:23.423253,2025,50.8439,4.4291,Woluwe-Saint-Lambert
429cd30d-4684-4018-b234-bf774ed09092,Toyota Corolla Corolla Hybrid 1.8 GR Sport e-CVT GPF Sport,24900,fair-price,34200,03-2023,03/2023,2,Electrique/Essence,,103 kW (140 Ch),103.0,140.0,,p,Inconnu (p),zero,7500,True,Berline / 5 portes (non détecté comme break),toyota,corolla,Particulier,BE-7500 Tournai,,2026-08-25T01:23:23.483571,2023,50.6071,3.3893,Tournai
b4ecd236-690b-480a-ac65-3ab6f473a35f,Toyota Corolla 2.0 Hybrid Touring Sports Team Deutschland,21000,top-price,54000,12-2021,12/2021,2,Electrique/Essence,,132 kW (179 Ch),132.0,179.0,,p,Inconnu (p),many,1040,False,Break / Touring (détecté),toyota,corolla,Particulier,BE-1040 Etterbeek,,2026-08-25T01:23:23.537438,2021,50.8327,4.3884,Etterbeek
fd03ab23-f6ce-44df-94f2-e4a90776f519,Toyota Corolla 1.8 Hybrid Touring Sports Business Edition,20500,top-price,68450,02-2022,02/2022,2,Electrique/Essence,,72 kW (98 Ch),72.0,98.0,,p,Inconnu (p),some,9000,False,Break / Touring (détecté),toyota,corolla,Particulier,BE-9000 Gent,,2026-08-25T01:23:23.610067,2022,51.05,3.7167,Gent
1d22b514-06ce-495a-a4b3-bbc55268a5ae,Toyota Corolla Corolla 1.2 ess  GARANTIE TOYOTA 2030,13990,good-price,98045,01-2020,01/2020,b,Essence,,85 kW (116 Ch),85.0,116.0,SuperDeal,d,Professionnel,some,6001,False,Berline / 5 portes (non détecté comme break),toyota,corolla,Mervecars Automobiles,BE-6001 Marcinelle,,2026-08-25T01:23:30.298347,2020,50.3922,4.4439,Marcinelle
4aaf8833-189e-4a0d-9fc4-2441758c9e52,Toyota Corolla SW 1.8i AUTOM. / HEV HYBRID / 89.685 KM !! 2023 !!,18950,top-price,89685,01-2023,01/2023,2,Electrique/Essence,,125 kW (170 Ch),125.0,170.0,Nouveau,d,Professionnel,many,1840,False,Break / Touring (détecté),toyota,corolla,L. Automobile,BE-1840 Londerzeel,,2026-08-25T01:23:30.364510,2023,50.9954,4.2679,Steenhuffel
23e973d4-3ef3-43ff-b0ed-c7ae2d23d698,Toyota Corolla Corolla SW Hybrid 1.8 Trek e-CVT,19800,top-price,71588,03-2021,03/2021,2,Electrique/Essence,,72 kW (98 Ch),72.0,98.0,,p,Inconnu (p),some,1040,False,Break / Touring (détecté),toyota,corolla,Particulier,BE-1040 Etterbeek,,2026-08-25T01:23:30.430986,2021,50.8327,4.3884,Etterbeek
af8db6e9-aa3c-4cfe-82af-d1ab1b00d27b,Toyota Corolla Corolla SW 1.2 Turbo Dynamic,16800,somewhat-expensive,62310,11-2019,11/2019,b,Essence,,85 kW (116 Ch),85.0,116.0,,p,Inconnu (p),some,2340,False,Break / Touring (détecté),toyota,corolla,Particulier,BE-2340 Beerse,,2026-08-25T01:23:30.487378,2019,51.2952,4.7813,Vlimmeren
112cc62c-0d35-4eb5-b85b-e36125704b39,Toyota Corolla Corolla SW Hybrid 1.8 dynamic e-CVT,16500,good-price,97190,03-2020,03/2020,b,Essence,,72 kW (98 Ch),72.0,98.0,,p,Inconnu (p),many,2060,False,Break / Touring (détecté),toyota,corolla,Particulier,BE-2060 Anvers,,2026-08-25T01:23:30.543067,2020,51.2199,4.4035,Antwerpen
57f6027e-92ba-4f83-b0d4-80963d62e7c2,Toyota Corolla 1.8 Hybrid Style,17950,fair-price,64700,02-2019,02/2019,2,Electrique/Essence,,90 kW (122 Ch),90.0,122.0,,p,Inconnu (p),some,2550,False,Berline / 5 portes (non détecté comme break),toyota,corolla,Particulier,BE-2550 Kontich,,2026-08-25T01:23:30.597980,2019,51.1321,4.4471,Kontich
1d21dcfe-231c-4589-8311-bd9695e05823,Toyota Corolla HYBRID BREAK 2.0L AUTOMAAT / STYLE UITVOERING !,21750,top-price,71452,01-2022,01/2022,2,Electrique/Essence,,112 kW (152 Ch),112.0,152.0,Nouveau,d,Professionnel,some,9880,False,Break / Touring (détecté),toyota,corolla,Autocenter Luc n.v.,BE-9880 Aalter-Lotenhulle,,2026-08-25T01:23:30.674029,2022,51.0394,3.4454,Poeke
12bd423a-be63-4c31-94b8-ef75aae077ed,Toyota Corolla Corolla SW Hybrid 1.8 Dynamic GPF e-CVT,20500,fair-price,66500,07-2021,07/2021,2,Electrique/Essence,,72 kW (98 Ch),72.0,98.0,Nouveau,d,Professionnel,some,3200,False,Break / Touring (détecté),toyota,corolla,MP CARS,BE-3200 Aarschot,,2026-08-25T01:23:30.744225,2021,50.9871,4.8369,Aarschot
0a3f24a5-be62-4ec7-bcda-f9a185acd31a,Toyota Corolla Corolla Hybrid 1.8 GPF e-CVT,19900,good-price,19000,06-2021,06/2021,2,Electrique/Essence,,72 kW (98 Ch),72.0,98.0,,p,Inconnu (p),some,2610,False,Berline / 5 portes (non détecté comme break),toyota,corolla,Particulier,BE-2610 Anvers,,2026-08-25T01:23:30.801397,2021,51.1673,4.3951,Wilrijk
40f7cbc1-4510-4f63-a690-0c1827018b3f,Toyota Corolla 2.0 Hybrid Touring Sports Dynamic 2021,20300,top-price,71500,03-2021,03/2021,2,Electrique/Essence,,112 kW (152 Ch),112.0,152.0,,p,Inconnu (p),zero,2830,False,Break / Touring (détecté),toyota,corolla,Particulier,BE-2830 Tisselt,,2026-08-25T01:23:30.858226,2021,51.034,4.3595,Tisselt
9307b5f8-b8b6-4583-b2c8-955da049c4c8,Toyota Corolla Corolla Hybrid 1.8 GR Sport GPF e-CVT,21500,fair-price,82489,03-2021,03/2021,2,Electrique/Essence,,90 kW (122 Ch),90.0,122.0,,p,Inconnu (p),zero,2350,True,Berline / 5 portes (non détecté comme break),toyota,corolla,Particulier,BE-2350 Vosselaar,,2026-08-25T01:23:30.939722,2021,51.3086,4.8896,Vosselaar
3793bf9d-921f-44d3-a854-ad13939404a8,Toyota Corolla Touring Sports 2.0 HEV Premium E-CVT LEDER/CUIR LE,22490,top-price,91856,07-2022,07/2022,2,Electrique/Essence,,112 kW (152 Ch),112.0,152.0,Nouveau,d,Professionnel,some,4000,False,Break / Touring (détecté),toyota,corolla,Ayvens Mobility Center Liège,BE-4000 Liège,,2026-08-25T01:23:31.000371,2022,50.6758,5.5462,Rocourt
44d3fb92-a925-4333-a2fa-a329d3d8d6d2,Toyota Corolla Corolla Hybrid 1.8 Dynamic e-CVT GPF Dynamic,20990,good-price,48800,04-2023,04/2023,2,Electrique/Essence,,103 kW (140 Ch),103.0,140.0,,p,Inconnu (p),some,1640,False,Berline / 5 portes (non détecté comme break),toyota,corolla,Particulier,BE-1640 Rhode-Saint-Genèse,,2026-08-25T01:23:31.057083,2023,50.7464,4.3575,Rhode-Saint-Genèse
1539afab-6083-4bba-a56e-4ee127ceb69f,Toyota Corolla Corolla SW Hybrid 1.8 GPF e-CVT,20854,good-price,31600,02-2022,02/2022,b,Essence,,72 kW (98 Ch),72.0,98.0,,p,Inconnu (p),some,2400,False,Break / Touring (détecté),toyota,corolla,Particulier,BE-2400 Mol,,2026-08-25T01:23:31.118307,2022,51.1919,5.1166,Mol
8686845c-e4bd-4eb3-baf9-fac2a55df83c,Toyota Corolla Corolla SW 1.2 Turbo Dynamic Plus,14950,somewhat-expensive,96625,11-2019,11/2019,b,Essence,,85 kW (116 Ch),85.0,116.0,,d,Professionnel,some,6210,False,Break / Touring (détecté),toyota,corolla,Auto21,BE-6210 Frasnes-Lez-Gosselies,,2026-08-25T01:23:31.173430,2019,50.5381,4.4108,Rèves
67e103df-83ac-4c67-a607-cf5467487a5d,"Toyota Corolla Hybrid 1.8 benzine + elektrisch, AUTOMAAT, CARPLAY/ CAMERA",18990,good-price,64000,05-2021,05/2021,2,Electrique/Essence,,72 kW (98 Ch),72.0,98.0,,d,Professionnel,some,3570,False,Berline / 5 portes (non détecté comme break),toyota,corolla,Auto's Vanweerts,BE-3570 Alken,,2026-08-25T01:23:31.228509,2021,50.8755,5.3056,Alken
cba724b5-41ed-4ead-a470-185284ddadfb,Toyota Corolla Style,19950,good-price,77845,02-2020,02/2020,2,Electrique/Essence,,72 kW (98 Ch),72.0,98.0,,d,Professionnel,some,1800,False,Berline / 5 portes (non détecté comme break),toyota,corolla,Toyota - De Bruyn Vilvoorde,BE-1800 Vilvoorde,,2026-08-25T01:23:31.292201,2020,50.93,4.4519,Peutie
5b9a4a4c-d2ad-4f9b-b82e-d12404c79395,Toyota Corolla 122hp HEV TS Style | carplay | all seasons,21990,top-price,56469,06-2021,06/2021,2,Electrique/Essence,,72 kW (98 Ch),72.0,98.0,,d,Professionnel,zero,2110,False,"Break / Touring (probable, 'TS')",toyota,corolla,Bravoauto Antwerpen,BE-2110 Wijnegem,,2026-08-25T01:23:31.379652,2021,51.2279,4.5189,Wijnegem
fce741df-dab1-421f-b594-676e36e9ad69,Toyota Corolla Corolla Hybrid 1.8 e-CVT CRUISE - CAMERA - LANE ASSIST - GARANTIE 12 MOIS,17990,fair-price,66580,07-2019,07/2019,2,Electrique/Essence,,72 kW (98 Ch),72.0,98.0,Nouveau,d,Professionnel,some,6061,False,Berline / 5 portes (non détecté comme break),toyota,corolla,WORLD CARS,BE-6061 Montignies-sur-sambre,,2026-08-25T01:23:31.473868,2019,50.4108,4.4911,Montignies-Sur-Sambre
474ac2a5-19f6-4fc2-b7a7-b040c5ccf119,Toyota Corolla 1.8HSD TS Dynamic,19990,good-price,63398,02-2020,02/2020,2,Electrique/Essence,,90 kW (122 Ch),90.0,122.0,,d,Professionnel,zero,5100,False,"Break / Touring (probable, 'TS')",toyota,corolla,Gego sa,BE-5100 Naninne,,2026-08-25T01:23:31.536517,2020,50.4215,4.864,Wépion
2d0dceb0-624a-4a33-96c5-d39d90bcb9ac,Toyota Corolla Corolla SW Hybrid 1.8 Dynamic GPF e-CVT,19990,good-price,61100,04-2022,04/2022,b,Essence,,103 kW (140 Ch),103.0,140.0,,d,Professionnel,some,1600,False,Break / Touring (détecté),toyota,corolla,Auto Bx,BE-1600 Sint-Pieters-Leeuw,,2026-08-25T01:23:39.590545,2022,50.7793,4.2435,Sint-Pieters-Leeuw
c593f245-e962-48f4-892f-52a73741c770,Toyota Corolla Corolla Hybrid 1.8 Dynamic GPF e-CVT,19000,good-price,71872,11-2022,11/2022,2,Electrique/Essence,,72 kW (98 Ch),72.0,98.0,,p,Inconnu (p),some,1410,False,Berline / 5 portes (non détecté comme break),toyota,corolla,Particulier,BE-1410 Waterloo,,2026-08-25T01:23:39.644224,2022,50.7147,4.3991,Waterloo
91418bee-1167-4598-8a3b-35dafff3bee8,Toyota Corolla Corolla Hybrid 1.8 Dynamic GPF e-CVT,18650,fair-price,61150,11-2021,11/2021,b,Essence,,72 kW (98 Ch),72.0,98.0,,p,Inconnu (p),some,8800,False,Berline / 5 portes (non détecté comme break),toyota,corolla,Particulier,BE-8800 Roulers,,2026-08-25T01:23:39.698908,2021,50.9325,3.1672,Rumbeke
09ea10a9-eb15-4a31-b6f7-e3dd619246b4,Toyota Corolla Corolla 1.2 Turbo Dynamic,15950,somewhat-expensive,54913,07-2019,07/2019,b,Essence,,85 kW (116 Ch),85.0,116.0,,d,Professionnel,some,2200,False,Berline / 5 portes (non détecté comme break),toyota,corolla,ZER Motors,BE-2200 Herentals,,2026-08-25T01:23:39.751390,2019,51.1189,4.8188,Morkhoven
032f9c2d-a3c7-43ee-abc2-5af31c51a1ec,Toyota Corolla Corolla Hybrid 1.8 Premium e-CVT,20800,fair-price,51777,08-2019,08/2019,2,Electrique/Essence,,72 kW (98 Ch),72.0,98.0,,p,Inconnu (p),some,9000,False,Berline / 5 portes (non détecté comme break),toyota,corolla,Particulier,BE-9000 Gand,,2026-08-25T01:23:39.806011,2019,51.05,3.7167,Gent
b0876f46-ad60-40bc-a944-4d09b55e03be,Toyota Corolla sedan-pwr 1.6L Essence Automatique XLi - EXPORT OUT EU TROPICAL VERSION,19900,toolow-price ,0,new,- (Année),b,Essence,,89 kW (121 Ch),89.0,121.0,,d,Professionnel,some,1180,False,Berline / 5 portes (non détecté comme break),toyota,corolla,Transautomobile,BE-1180 Bruxelles,,2026-08-25T01:23:39.858436,,50.8022,4.3394,Uccle
34454f68-4273-406b-9b8e-9928f068401e,Toyota Corolla Corolla Hybrid 1.8 GR Sport e-CVT,22550,somewhat-expensive,47943,09-2021,09/2021,2,Electrique/Essence,,72 kW (98 Ch),72.0,98.0,,p,Inconnu (p),some,2840,True,Berline / 5 portes (non détecté comme break),toyota,corolla,Particulier,BE-2840 Rumst,,2026-08-25T01:23:39.911272,2021,51.0815,4.4222,Rumst
225455ef-c362-428c-b3e8-84001a9c4028,Toyota Corolla 5D+gps+cam+sesn V+A,19950,fair-price,95881,02-2022,02/2022,2,Electrique/Essence,,90 kW (122 Ch),90.0,122.0,,d,Professionnel,some,8900,False,Berline / 5 portes (non détecté comme break),toyota,corolla,Toyota Vancayzeele Ieper,BE-8900 Ieper,,2026-08-25T01:23:39.967120,2022,50.8511,2.8857,Ieper
4cb00c15-f509-44a7-8a76-c5c4a9472b81,Toyota Corolla 2.0 Hybrid Comfort,19899,good-price,72762,03-2021,03/2021,2,Electrique/Essence,,135 kW (184 Ch),135.0,184.0,,d,Professionnel,zero,1000,False,Berline / 5 portes (non détecté comme break),toyota,corolla,Autohero België,BE-1000 Brussel,,2026-08-25T01:23:40.021018,2021,50.8504,4.3488,Bruxelles
ec2c90b0-f1ed-4a6a-be51-bba5629995a5,Toyota Corolla Dynamic Plus,18450,fair-price,88713,12-2019,12/2019,2,Electrique/Essence,,72 kW (98 Ch),72.0,98.0,Nouveau,d,Professionnel,zero,3020,False,Berline / 5 portes (non détecté comme break),toyota,corolla,De Bruyn Leuven,BE-3020 Herent,,2026-08-25T01:23:40.075433,2019,50.9081,4.6191,Veltem-Beisem
f50f180a-01de-43e3-a86f-7033f29ccc1d,Toyota Corolla Dynamic,21990,top-price,69856,08-2022,08/2022,b,Essence,,125 kW (170 Ch),125.0,170.0,,d,Professionnel,zero,9700,False,Berline / 5 portes (non détecté comme break),toyota,corolla,Garage De Prins nv,BE-9700 Oudenaarde,,2026-08-25T01:23:40.128368,2022,50.8411,3.6402,Volkegem
b745e733-9678-47e0-965e-5853473c668a,Toyota Corolla SW Hybrid 2.0 Premium Plus e-CVT,23400,expensive,88342,12-2019,12/2019,2,Electrique/Essence,,112 kW (152 Ch),112.0,152.0,,p,Inconnu (p),some,7090,False,Break / Touring (détecté),toyota,corolla,Particulier,BE-7090 Braine-le-Comte,,2026-08-25T01:23:40.183190,2019,50.6438,4.0691,Steenkerque
a41c7fd8-185d-47eb-870d-769c1cee409e,Toyota Corolla Corolla SW Hybrid 1.8 Premium GPF e-CVT,24900,good-price,23800,10-2022,10/2022,2,Electrique/Essence,,72 kW (98 Ch),72.0,98.0,,p,Inconnu (p),some,1785,False,Break / Touring (détecté),toyota,corolla,Particulier,BE-1785 Merchtem,,2026-08-25T01:23:40.234922,2022,50.9209,4.283,Hamme
adf30992-b48d-4cb1-a6b9-44fe57e365a1,Toyota Corolla Hybrid Dynamic e-CVT,20950,good-price,80403,06-2023,06/2023,2,Electrique/Essence,,103 kW (140 Ch),103.0,140.0,SuperDeal,d,Professionnel,zero,3140,False,Berline / 5 portes (non détecté comme break),toyota,corolla,Nissan Leo Peeters,BE-3140 Keerbergen,,2026-08-25T01:23:40.289188,2023,51.003,4.6343,Keerbergen
ee3c1329-db2b-447b-93ac-acf52d6dbbf3,Toyota Corolla Corolla SW Hybrid 1.8 Trek GPF e-CVT,21000,fair-price,51205,08-2021,08/2021,2,Electrique/Essence,,72 kW (98 Ch),72.0,98.0,,p,Inconnu (p),some,1180,False,Break / Touring (détecté),toyota,corolla,Particulier,BE-1180 Uccle,,2026-08-25T01:23:40.343134,2021,50.8022,4.3394,Uccle
4193bd48-0274-4f5d-b80c-5c0fa366e357,Toyota Corolla Corolla SW Hybrid 1.8 Dynamic 122 ch LED -Caméra - Cruise -  AVEC DEMANDE D'IMMATRICULATION DISPONIBLE,21800,top-price,63720,01-2024,01/2024,2,Electrique/Essence,,72 kW (98 Ch),72.0,98.0,,d,Professionnel,some,6730,False,Break / Touring (détecté),toyota,corolla,Thomas Cars,BE-6730 Tintigny,,2026-08-25T01:23:40.396097,2024,49.6833,5.5135,Tintigny
eb750ba0-20b2-473b-a600-0481ef9134dd,Toyota Corolla Corolla SW Hybrid 2.0 TVAC Full Options Cuir Pano Head-up,25990,good-price,40935,09-2022,09/2022,b,Essence,,112 kW (152 Ch),112.0,152.0,,d,Professionnel,some,6041,False,Break / Touring (détecté),toyota,corolla,AB Motor,BE-6041 Gosselies,,2026-08-25T01:23:40.450085,2022,50.4694,4.4332,Gosselies
a328cdb2-3431-45e9-b17e-f2b32dceb7f8,Toyota Corolla SW Hybrid 1.8 98cv Dynamic *CARPLAY*NAVI*CAMERA*,20250,top-price,48086,07-2022,07/2022,b,Essence,,72 kW (98 Ch),72.0,98.0,SuperDeal,d,Professionnel,some,6110,False,Break / Touring (détecté),toyota,corolla,Montigny Motors,BE-6110 Montigny le tilleul,,2026-08-25T01:23:40.504410,2022,50.3806,4.3758,Montigny-Le-Tilleul
dad635fe-1247-4d12-bc04-b8342e97acdc,Toyota Corolla 1.8 Hybrid Touring Sports Gr,23500,somewhat-expensive,45000,03-2023,03/2023,2,Electrique/Essence,,90 kW (122 Ch),90.0,122.0,,p,Inconnu (p),some,3150,False,Break / Touring (détecté),toyota,corolla,Particulier,BE-3150 Haacht,,2026-08-25T01:23:40.559150,2023,50.9774,4.6378,Haacht
bf30aadf-b341-4676-98b6-486bf6f11202,Toyota Corolla 📍AGENCE BEERSEL - ✅12 MOIS DE GARANTIE,20790,fair-price,5500,06-2019,06/2019,2,Electrique/Essence,,72 kW (98 Ch),72.0,98.0,,d,Professionnel,some,7134,False,Berline / 5 portes (non détecté comme break),toyota,corolla,L'Agence Automobile Binche,BE-7134 Binche,,2026-08-25T01:23:40.611005,2019,50.4123,4.166,Ressaix
a342aaa5-355b-495e-8966-83fe453936d8,Toyota Corolla 😍SUPERBE FINITION✅ETAT EXCEPTIONNEL DISPO IMM,21990,good-price,67371,10-2022,10/2022,2,Electrique/Essence,,72 kW (98 Ch),72.0,98.0,,d,Professionnel,some,5660,False,Berline / 5 portes (non détecté comme break),toyota,corolla,FRANCOIS DUVAL CARS SRL,BE-5660 Cul-Des-Sarts,,2026-08-25T01:23:48.338931,2022,50.0252,4.42,Presgaux
c242dcc6-dfa8-4047-a72f-6e02f381aee5,Toyota Corolla Corolla Touring sport 1.8 Dynamic HEV,20950,good-price,54922,08-2021,08/2021,2,Electrique/Essence,,90 kW (122 Ch),90.0,122.0,,d,Professionnel,zero,1040,True,Break / Touring (détecté),toyota,corolla,Dety Toyota sprl,BE-1040 Bruxelles,,2026-08-25T01:23:48.390644,2021,50.8327,4.3884,Etterbeek
573cb6c4-c8bf-4091-83b9-05ed33798bc8,Toyota Corolla Dynamic,25450,top-price,19387,06-2024,06/2024,2,Electrique/Essence,,72 kW (98 Ch),72.0,98.0,Nouveau,d,Professionnel,zero,3020,False,Berline / 5 portes (non détecté comme break),toyota,corolla,De Bruyn Leuven,BE-3020 Herent,,2026-08-25T01:23:48.447327,2024,50.9081,4.6191,Veltem-Beisem
c29c337d-3168-4624-8cee-0b938be676c5,Toyota Corolla TS Dynamic+Businesspack+cam+gps+sens V+A,21950,fair-price,78726,06-2022,06/2022,2,Electrique/Essence,,90 kW (122 Ch),90.0,122.0,,d,Professionnel,zero,8900,False,"Break / Touring (probable, 'TS')",toyota,corolla,Toyota Vancayzeele Ieper,BE-8900 Ieper,,2026-08-25T01:23:48.500895,2022,50.8511,2.8857,Ieper
42251811-431d-4db8-9c27-0d53c5f71fcf,Toyota Corolla Corolla Hybrid 1.8 Dynamic Plus e-CVT,23950,expensive,25000,06-2020,06/2020,2,Electrique/Essence,,72 kW (98 Ch),72.0,98.0,,d,Professionnel,zero,9450,False,Berline / 5 portes (non détecté comme break),toyota,corolla,Vamov Motors,BE-9450 Haaltert,,2026-08-25T01:23:48.556625,2020,50.878,3.9579,Heldergem
75ed6e6f-fe35-4a01-9e47-11ec89a82c6c,Toyota Corolla 2.0 Hybrid Premium + Luxury Pack & Trekhaak,22495,somewhat-expensive,88259,06-2019,06/2019,2,Electrique/Essence,,135 kW (184 Ch),135.0,184.0,,d,Professionnel,some,9940,False,Berline / 5 portes (non détecté comme break),toyota,corolla,GARAGE BOONE nv,BE-9940 Evergem,,2026-08-25T01:23:48.618852,2019,51.1336,3.674,Sleidinge
d9d22cae-0be8-4b0f-81bd-378bedc9b243,Toyota Corolla 2.0 Hybrid Lounge,17699,fair-price,85419,04-2019,04/2019,2,Electrique/Essence,,135 kW (184 Ch),135.0,184.0,,d,Professionnel,zero,1000,False,Berline / 5 portes (non détecté comme break),toyota,corolla,Autohero België,BE-1000 Brussel,,2026-08-25T01:23:48.681137,2019,50.8504,4.3488,Bruxelles
ce721183-e435-4b0a-bd8c-e3c2791f74e9,Toyota Corolla 5D Teamplayer+cam+gps+sens V+A,26950,top-price,8015,10-2024,10/2024,2,Electrique/Essence,,103 kW (140 Ch),103.0,140.0,,d,Professionnel,zero,8800,False,Berline / 5 portes (non détecté comme break),toyota,corolla,Toyota Vancayzeele Roeselare,BE-8800 Roeselare,,2026-08-25T01:23:48.743845,2024,50.9325,3.1672,Rumbeke
f5ac02aa-c64c-4dce-ad53-10be58fa8f72,Toyota Corolla Corolla SW Hybrid 1.8 Premium e-CVT,21000,fair-price,94000,09-2022,09/2022,b,Essence,,72 kW (98 Ch),72.0,98.0,,p,Inconnu (p),some,4400,False,Break / Touring (détecté),toyota,corolla,Particulier,BE-4400 Flémalle,,2026-08-25T01:23:48.803881,2022,50.588,5.4657,Ivoz-Ramet
7cdd3fc1-b5f0-4d57-a66e-05dfab13b481,Toyota Corolla Corolla SW Hybrid 1.8 Dynamic GPF e-CVT,23490,good-price,56150,02-2023,02/2023,2,Electrique/Essence,,72 kW (98 Ch),72.0,98.0,,p,Inconnu (p),some,4845,False,Break / Touring (détecté),toyota,corolla,Particulier,BE-4845 Jalhay,,2026-08-25T01:23:48.867073,2023,50.5287,5.8842,Sart-Lez-Spa
b8f98979-ed18-45ba-b754-bd278b7ca2d6,Toyota Corolla Toyota Corolla 1.8 Dynamic e-CVT,21800,good-price,58790,06-2023,06/2023,2,Electrique/Essence,,72 kW (98 Ch),72.0,98.0,,d,Professionnel,some,3600,False,Berline / 5 portes (non détecté comme break),toyota,corolla,Autohandel Raf Bijnens,BE-3600 Genk,,2026-08-25T01:23:48.932581,2023,50.965,5.5008,Genk
24a9be63-5cf5-4046-84df-29f9cc968000,Toyota Corolla Hybrid 1.8 GR Sport e-CVT GPF,24990,somewhat-expensive,42650,11-2023,11/2023,2,Electrique/Essence,,103 kW (140 Ch),103.0,140.0,,p,Inconnu (p),some,6997,True,Berline / 5 portes (non détecté comme break),toyota,corolla,Particulier,BE-6997 Erezée,,2026-08-25T01:23:48.993814,2023,50.2649,5.5581,Amonines
294c9f9a-1e6a-47e6-b041-a357966c69c7,Toyota Corolla Corolla Hybrid 1.8 e-CVT Style,25900,somewhat-expensive,71500,06-2023,06/2023,2,Electrique/Essence,,103 kW (140 Ch),103.0,140.0,Nouveau,d,Professionnel,zero,3200,False,Berline / 5 portes (non détecté comme break),toyota,corolla,MP CARS,BE-3200 Aarschot,,2026-08-25T01:23:49.052967,2023,50.9871,4.8369,Aarschot
54dc9924-b305-48b8-b96f-aea51496d3c9,Toyota Corolla 1.8 Hybride TS Pro 1e eig. 122 pk e-CVT,22900,good-price,52544,05-2023,05/2023,2,Electrique/Essence,,72 kW (98 Ch),72.0,98.0,,d,Professionnel,some,3650,False,"Break / Touring (probable, 'TS')",toyota,corolla,Auto Center Dilsen,BE-3650 Dilsen-Stokkem,,2026-08-25T01:23:49.108657,2023,51.0194,5.7251,Lanklaar
29e7c371-dbae-4472-86d7-fe8a673b2fbe,Toyota Corolla Corolla SW Hybrid 1.8 Dynamic GPF e-CVT,21790,top-price,64917,01-2023,01/2023,2,Electrique/Essence,,72 kW (98 Ch),72.0,98.0,,d,Professionnel,some,2640,False,Break / Touring (détecté),toyota,corolla,Auto's Van Dessel,BE-2640 Mortsel (Antwerpen -Anvers),,2026-08-25T01:23:49.162002,2023,51.167,4.4513,Mortsel
216ecc08-6b53-43f2-b04a-d63bf15e3b50,Toyota Corolla TS Dynamic+businesspack+cam+gps+sens V+A,21750,fair-price,55924,02-2020,02/2020,2,Electrique/Essence,,90 kW (122 Ch),90.0,122.0,,d,Professionnel,zero,8900,False,"Break / Touring (probable, 'TS')",toyota,corolla,Toyota Vancayzeele Ieper,BE-8900 Ieper,,2026-08-25T01:23:49.218107,2020,50.8511,2.8857,Ieper
5a57d848-ac60-4630-96ab-f8256051ea47,Toyota Corolla Corolla Hybrid 1.8 Premium GPF e-CVT/GARANTIE 12 MOIS / FULL ENTRETIEN TOYOTA,19490,good-price,72000,03-2022,03/2022,2,Electrique/Essence,,72 kW (98 Ch),72.0,98.0,,d,Professionnel,zero,1020,False,Berline / 5 portes (non détecté comme break),toyota,corolla,Transakauto Bruxelles,BE-1020 Bruxelles,,2026-08-25T01:23:49.272470,2022,50.8759,4.3484,Laeken
e1703364-19c4-4cd3-8ba2-aab3b8d67194,Toyota Corolla GR Sport,22250,expensive,97906,11-2020,11/2020,2,Electrique/Essence,,90 kW (122 Ch),90.0,122.0,,d,Professionnel,zero,5100,True,Berline / 5 portes (non détecté comme break),toyota,corolla,Gego sa,BE-5100 Naninne,,2026-08-25T01:23:49.327273,2020,50.4215,4.864,Wépion
7b0c3943-e373-408c-a02f-9c433ef916b0,Toyota Corolla Corolla Hybrid 1.8 Dynamic GPF e-CVT,18800,good-price,79028,09-2022,09/2022,b,Essence,,72 kW (98 Ch),72.0,98.0,,d,Professionnel,zero,3600,False,Berline / 5 portes (non détecté comme break),toyota,corolla,Autohandel Raf Bijnens,BE-3600 Genk,,2026-08-25T01:23:49.378869,2022,50.965,5.5008,Genk
e65e4855-a9ff-4927-99e4-e7cffa8307ca,Toyota Corolla GR SPORT,23990,fair-price,66935,08-2022,08/2022,2,Electrique/Essence,,72 kW (98 Ch),72.0,98.0,,d,Professionnel,zero,4633,True,Berline / 5 portes (non détecté comme break),toyota,corolla,Eurekar.be,BE-4633 Melen (Henri-Chapelle-Verviers-Eupen),,2026-08-25T01:23:49.431577,2022,50.6462,5.7359,Melen
0c7c26dc-c052-4ebd-8ccb-8b5b45e3408a,Toyota Corolla 1.8 Hybrid Touring Sports Comfort,24499,expensive,52000,10-2021,10/2021,2,Electrique/Essence,,90 kW (122 Ch),90.0,122.0,,p,Inconnu (p),zero,1180,False,Break / Touring (détecté),toyota,corolla,Particulier,BE-1180 Uccle,,2026-08-25T01:23:56.373877,2021,50.8022,4.3394,Uccle
7171b85e-dea1-49dc-9e22-f08c18150dd3,Toyota Corolla CAMERA / CARPLAY / ZETEL & STUURVERWARMING /,26950,good-price,17436,05-2025,05/2025,2,Electrique/Essence,,103 kW (140 Ch),103.0,140.0,,d,Professionnel,zero,8970,False,Berline / 5 portes (non détecté comme break),toyota,corolla,Premium Quality Cars Poperinge,BE-8970 Poperinge,,2026-08-25T01:23:56.430807,2025,50.8539,2.7266,Poperinge
018651c6-165c-426f-98cb-22731b81fd2b,Toyota Corolla TS Hybrid 1.8 Dynamic e-CVT GPF,25900,good-price,24000,01-2024,01/2024,b,Essence,,72 kW (98 Ch),72.0,98.0,,p,Inconnu (p),zero,9040,False,"Break / Touring (probable, 'TS')",toyota,corolla,Particulier,BE-9040 Gand,,2026-08-25T01:23:56.487450,2024,51.0595,3.7494,Sint-Amandsberg
ac1db8e3-0239-4dc1-9c5b-f9454cc50af5,Toyota Corolla 5D Teamplayer+cam+gps+sens V+A,25950,good-price,30985,08-2024,08/2024,2,Electrique/Essence,,103 kW (140 Ch),103.0,140.0,,d,Professionnel,some,8500,False,Berline / 5 portes (non détecté comme break),toyota,corolla,Toyota Vancayzeele Kortrijk,BE-8500 Kortrijk,,2026-08-25T01:23:56.551417,2024,50.828,3.2649,Kortrijk
ff2c8498-9f96-4981-aeb1-7eea3758e411,Toyota Corolla Corolla TS Hybrid 1.8 Dynamic e-CVT **22% de remise sur Prix Catalogue**,27490,top-price,10,01-2026,01/2026,2,Electrique/Essence,,103 kW (140 Ch),103.0,140.0,,d,Professionnel,some,5100,False,"Break / Touring (probable, 'TS')",toyota,corolla,click2move by Declerc,BE-5100 Naninne (Namur),,2026-08-25T01:23:56.612301,2026,50.4215,4.864,Wépion
05e55654-8bd5-47f5-8c74-ff1e707e40aa,Toyota Corolla 1.8 Hybrid Active,21299,fair-price,13140,05-2022,05/2022,2,Electrique/Essence,,90 kW (122 Ch),90.0,122.0,,d,Professionnel,some,1000,False,Berline / 5 portes (non détecté comme break),toyota,corolla,Autohero België,BE-1000 Brussel,,2026-08-25T01:23:56.678139,2022,50.8504,4.3488,Bruxelles
3e57bdcc-1db5-4257-acb2-0963f0450366,Toyota Corolla Hybrid 1.8 GR Sport,21500,somewhat-expensive,69970,01-2020,01/2020,b,Essence,,72 kW (98 Ch),72.0,98.0,,p,Inconnu (p),zero,3010,True,Berline / 5 portes (non détecté comme break),toyota,corolla,Particulier,BE-3010 leuven,,2026-08-25T01:23:56.734876,2020,50.8855,4.7372,Kessel Lo
452ba9d3-430b-4785-a838-573c249a121b,Toyota Corolla Style,21990,fair-price,99147,09-2023,09/2023,2,Electrique/Essence,,72 kW (98 Ch),72.0,98.0,Nouveau,d,Professionnel,zero,4633,False,Berline / 5 portes (non détecté comme break),toyota,corolla,Eurekar.be,BE-4633 Melen (Henri-Chapelle-Verviers-Eupen),,2026-08-25T01:23:56.792380,2023,50.6462,5.7359,Melen
6f85127b-3e8b-45f1-bc5d-b0630b45ad3d,Toyota Corolla GR,61500,unknown,29450,01-2023,01/2023,b,Essence,,221 kW (300 Ch),221.0,300.0,,p,Inconnu (p),some,4520,False,Berline / 5 portes (non détecté comme break),toyota,corolla,Particulier,BE-4520 Wanze,,2026-08-25T01:23:56.845422,2023,50.5391,5.2085,Wanze
0e2b4abd-d8d7-4dab-9a77-2055719ce94f,Toyota Corolla SW Hybrid 1.8 GR Sport GPF e-CVT,23500,somewhat-expensive,53000,05-2022,05/2022,b,Essence,,72 kW (98 Ch),72.0,98.0,,p,Inconnu (p),zero,2450,True,Break / Touring (détecté),toyota,corolla,Particulier,BE-2450 meerhout,,2026-08-25T01:23:56.898257,2022,51.1321,5.0784,Meerhout
31c44ed3-d077-4d71-b545-e3b3f4700195,Toyota Corolla Hatchback 1.8 Hybrid e-CVT | Achteruitrijcamera |,24490,good-price,16276,02-2024,02/2024,2,Electrique/Essence,,103 kW (140 Ch),103.0,140.0,Nouveau,d,Professionnel,some,2300,False,Berline / 5 portes (non détecté comme break),toyota,corolla,Used Cars Center - Hedin Automotive Turnhout,BE-2300 Turnhout,,2026-08-25T01:23:56.978437,2024,51.3225,4.9447,Turnhout
814a6ed7-e55a-4c9b-af8d-46cc92bff728,Toyota Corolla GR Sport,23990,good-price,33888,06-2022,06/2022,2,Electrique/Essence,,72 kW (98 Ch),72.0,98.0,,d,Professionnel,zero,4633,True,Berline / 5 portes (non détecté comme break),toyota,corolla,Eurekar.be,BE-4633 Melen (Henri-Chapelle-Verviers-Eupen),,2026-08-25T01:23:57.070290,2022,50.6462,5.7359,Melen
88160292-d0f3-484b-99b4-0e8233e91631,Toyota Corolla 1.8 HYB PREMIUM,28490,top-price,35788,02-2025,02/2025,2,Electrique/Essence,,103 kW (140 Ch),103.0,140.0,,d,Professionnel,some,9990,False,Berline / 5 portes (non détecté comme break),toyota,corolla,Toyota Lievens Brugge - Maldegem - Oostende,BE-9990 Maldegem,,2026-08-25T01:23:57.161903,2025,51.2074,3.4451,Maldegem
e7ceb90f-eaaa-4f24-88fe-a65c6963e444,Toyota Corolla TS Business Edition+cam+DAB+carplay+androidauto,26900,good-price,24467,05-2025,05/2025,2,Electrique/Essence,,103 kW (140 Ch),103.0,140.0,,d,Professionnel,zero,8800,False,"Break / Touring (probable, 'TS')",toyota,corolla,Toyota Vancayzeele Roeselare,BE-8800 Roeselare,,2026-08-25T01:23:57.249015,2025,50.9325,3.1672,Rumbeke
88d99489-0dfe-4c5d-9890-15b70e8c9f55,Toyota Corolla TS Hybrid 1.8 Premium e-CVT GPF,27000,good-price,30000,01-2024,01/2024,b,Essence,,72 kW (98 Ch),72.0,98.0,,p,Inconnu (p),zero,3803,False,"Break / Touring (probable, 'TS')",toyota,corolla,Particulier,BE-3803 Wilderen,,2026-08-25T01:23:57.339977,2024,50.8345,5.1457,Duras
81ed69a7-5e2c-42b0-befc-c442b1d4edc6,Toyota Corolla SW Hybrid 2.0 Premium Plus e-CVT (184pk) Open Dak,28000,somewhat-expensive,60000,05-2021,05/2021,2,Electrique/Essence,,112 kW (152 Ch),112.0,152.0,,p,Inconnu (p),some,8800,False,Break / Touring (détecté),toyota,corolla,Particulier,BE-8800 rumbeke,,2026-08-25T01:23:57.423149,2021,50.9325,3.1672,Rumbeke
f3f1b12e-c923-42a6-9b6f-ebe90bf5af4f,Toyota Corolla Corolla Hybrid 1.8 Dynamic GPF e-CVT,19950,fair-price,78000,05-2021,05/2021,b,Essence,,72 kW (98 Ch),72.0,98.0,,p,Inconnu (p),zero,8930,False,Berline / 5 portes (non détecté comme break),toyota,corolla,Particulier,BE-8930 Menin,,2026-08-25T01:23:57.506626,2021,50.7837,3.1635,Rekkem
a0132f96-188d-49de-843e-ce1f496ce00c,Toyota Corolla Corolla TS Hybrid 1.8 Dynamic e-CVT,27490,top-price,10,01-2026,01/2026,2,Electrique/Essence,,103 kW (140 Ch),103.0,140.0,,d,Professionnel,some,5100,False,"Break / Touring (probable, 'TS')",toyota,corolla,click2move by Declerc,BE-5100 Naninne (Namur),,2026-08-25T01:23:57.595797,2026,50.4215,4.864,Wépion
b1141fcd-03ab-4072-ba0a-d4666aa77af8,Toyota Corolla Dynamic,20950,fair-price,57805,02-2020,02/2020,2,Electrique/Essence,,72 kW (98 Ch),72.0,98.0,,d,Professionnel,zero,3111,False,Berline / 5 portes (non détecté comme break),toyota,corolla,De Bruyn Wezemaal,BE-3111 Wezemaal,,2026-08-25T01:23:57.662909,2020,50.9485,4.7554,Wezemaal
8d70fc28-aa7d-4e41-98a9-e48786744eb1,Toyota Corolla SW Hybrid 1.8 Dynamic Plus 122CH *|BOITE AUTO*CLIM*NAVI*CAMERA*CRUISE*|,18990,fair-price,94923,04-2020,04/2020,2,Electrique/Essence,,90 kW (122 Ch),90.0,122.0,,d,Professionnel,zero,4621,False,Break / Touring (détecté),toyota,corolla,Garage Carrera Cars,BE-4621 Fléron - Herstal - Liège,,2026-08-25T01:23:57.719585,2020,50.6308,5.6982,Retinne
0b01e7e8-9877-41e0-a416-64baa29541f5,Toyota Corolla SW Hybrid 1.8 PREMIUM 122CH *|CLIM*GPS*CRUISE*SIEGES CHAUFFANTS*|,19990,fair-price,99262,06-2020,06/2020,2,Electrique/Essence,,72 kW (98 Ch),72.0,98.0,,d,Professionnel,some,4621,False,Break / Touring (détecté),toyota,corolla,Garage Carrera Cars,BE-4621 Fléron - Herstal - Liège,,2026-08-25T01:24:06.625971,2020,50.6308,5.6982,Retinne
929d4b2b-fb87-4131-8913-1aef74dc5d6c,Toyota Corolla Corolla TS Hybrid 1.8 Style e-CVT GPF Style,28900,fair-price,28750,11-2025,11/2025,2,Electrique/Essence,,103 kW (140 Ch),103.0,140.0,Nouveau,d,Professionnel,some,3200,False,"Break / Touring (probable, 'TS')",toyota,corolla,MP CARS,BE-3200 Aarschot,,2026-08-25T01:24:06.689071,2025,50.9871,4.8369,Aarschot
81f75fc7-4431-498d-af8f-9450ce8a8817,Toyota Corolla Corolla SW Hybrid 1.8 GR Sport GPF e-CVT,21699,somewhat-expensive,83000,10-2021,10/2021,b,Essence,,72 kW (98 Ch),72.0,98.0,,p,Inconnu (p),zero,9170,True,Break / Touring (détecté),toyota,corolla,Particulier,BE-9170 Sint-Gillis-Waas,,2026-08-25T01:24:06.746130,2021,51.2667,4.15,Meerdonk
77e43d2b-2b53-4d32-8d6c-b818d247a6d9,Toyota Corolla Dynamic,19450,fair-price,93503,10-2020,10/2020,2,Electrique/Essence,,72 kW (98 Ch),72.0,98.0,,d,Professionnel,some,3111,False,Berline / 5 portes (non détecté comme break),toyota,corolla,De Bruyn Wezemaal,BE-3111 Wezemaal,,2026-08-25T01:24:06.801001,2020,50.9485,4.7554,Wezemaal
edbff6c8-6457-4cf6-b832-e7dfe9f858f7,Toyota Corolla Corolla TS Hybrid 1.8 e-CVT,20250,fair-price,75600,09-2022,09/2022,b,Essence,,72 kW (98 Ch),72.0,98.0,,p,Inconnu (p),zero,3071,False,"Break / Touring (probable, 'TS')",toyota,corolla,Particulier,BE-3071 Kortenberg,,2026-08-25T01:24:06.855887,2022,50.9012,4.5598,Erps-Kwerps
820f39fe-9aee-430e-a043-79f9d91c0de2,Toyota Corolla Hybrid 2.0 GR Sport e-CVT,27250,somewhat-expensive,73000,03-2023,03/2023,2,Electrique/Essence,,112 kW (152 Ch),112.0,152.0,,p,Inconnu (p),zero,2140,True,Berline / 5 portes (non détecté comme break),toyota,corolla,Particulier,BE-2140 Anvers,,2026-08-25T01:24:06.918572,2023,51.2096,4.4354,Borgerhout
99839de8-ec21-4001-a944-87a61162bc7e,Toyota Corolla Corolla SW Hybrid 1.8 GR Sport GPF e-CVT,30500,fair-price,40000,01-2025,01/2025,2,Electrique/Essence,,72 kW (98 Ch),72.0,98.0,Nouveau,p,Inconnu (p),some,6927,True,Break / Touring (détecté),toyota,corolla,Particulier,BE-6927 Tellin,,2026-08-25T01:24:06.980833,2025,50.0913,5.2813,Grupont
687fd011-fdef-43e8-8dbb-9151f2905e41,"Toyota Corolla Corolla Hybrid 1.8 Style GPF e-CVT Led Camera ACC 18"" CarPlay",21000,fair-price,83162,06-2021,06/2021,2,Electrique/Essence,,72 kW (98 Ch),72.0,98.0,,d,Professionnel,zero,9420,False,Berline / 5 portes (non détecté comme break),toyota,corolla,Fast Motors BV,BE-9420 Erpe-Mere,,2026-08-25T01:24:07.047307,2021,50.8892,3.9367,Aaigem
16a63a99-c70c-46b5-856f-5ec3f725d2c3,Toyota Corolla Hybrid 1.8 Dynamic GPF e-CVT,22000,somewhat-expensive,70000,06-2022,06/2022,b,Essence,,72 kW (98 Ch),72.0,98.0,,p,Inconnu (p),zero,3620,False,Berline / 5 portes (non détecté comme break),toyota,corolla,Particulier,BE-3620 Lanaken,,2026-08-25T01:24:07.111238,2022,50.8932,5.6468,Lanaken
71e2f952-1ee8-4037-9f2f-5a28a7a3c729,Toyota Corolla Hatchback 1.8 Hybrid Dynamic e-CVT | Achteruitrijc,18990,fair-price,73110,12-2019,12/2019,b,Essence,,103 kW (140 Ch),103.0,140.0,Nouveau,d,Professionnel,zero,2960,False,Berline / 5 portes (non détecté comme break),toyota,corolla,Used Cars Center - Hedin Automotive Brecht,BE-2960 Brecht,,2026-08-25T01:24:07.169514,2019,51.2991,4.5729,Sint-Job-In-'T-Goor
0a89bc46-e996-4eb3-a0e2-6dc91d23b907,Toyota Corolla 2.0 Hybrid GR Sport Aut | BiTone | LED | CAM,24495,fair-price,33502,05-2021,05/2021,2,Electrique/Essence,,132 kW (179 Ch),132.0,179.0,Nouveau,d,Professionnel,zero,8830,True,Berline / 5 portes (non détecté comme break),toyota,corolla,DEX - Easy Car Shopping,BE-8830 Hooglede (+18 andere DEX Stores),,2026-08-25T01:24:07.230255,2021,50.9969,3.0956,Gits
c58993f1-d0d6-4ccd-81d2-50746a181ccd,Toyota Corolla Corolla TS Hybrid 1.8 Dynamic e-CVT **22% de remise sur Prix Catalogue**,27490,top-price,15,04-2026,04/2026,2,Electrique/Essence,,103 kW (140 Ch),103.0,140.0,,d,Professionnel,some,5100,False,"Break / Touring (probable, 'TS')",toyota,corolla,click2move by Declerc,BE-5100 Naninne (Namur),,2026-08-25T01:24:07.322697,2026,50.4215,4.864,Wépion
14cfcb46-e1ff-4150-8b54-daeeeae353ba,Toyota Corolla 1.8 Hybrid 140pk STYLE+TECH PACK+WINTER PACK +Dodehoek +Elektrische koffer +Stuurwielverwarming +Zetelverwarming,32450,good-price,8,new,- (Année),2,Electrique/Essence,,103 kW (140 Ch),103.0,140.0,,d,Professionnel,zero,8970,False,Berline / 5 portes (non détecté comme break),toyota,corolla,GARAGE DELANOTE BV,BE-8970 Poperinge,,2026-08-25T01:24:07.426971,,50.8539,2.7266,Poperinge
fffd0933-3a61-4308-aa63-ff3a58f3bf44,Toyota Corolla 1.8 Hybrid Style + tech pack,25900,good-price,21381,09-2024,09/2024,2,Electrique/Essence,,72 kW (98 Ch),72.0,98.0,Nouveau,d,Professionnel,some,3200,False,Berline / 5 portes (non détecté comme break),toyota,corolla,MP CARS,BE-3200 Aarschot,,2026-08-25T01:24:07.524045,2024,50.9871,4.8369,Aarschot
276981f4-c63c-47e0-893d-79e2578e2381,Toyota Corolla SW Hybrid 1.8 Premium GPF e-CVT,28000,good-price,37000,01-2025,01/2025,2,Electrique/Essence,,72 kW (98 Ch),72.0,98.0,,p,Inconnu (p),zero,1000,False,Break / Touring (détecté),toyota,corolla,Particulier,BE-1000 Bruxelles,,2026-08-25T01:24:07.582791,2025,50.8504,4.3488,Bruxelles
d3e0d692-15c9-4d2e-93ca-001d19652cc2,Toyota Corolla DYNAMIC,23990,top-price,49317,01-2024,01/2024,2,Electrique/Essence,,72 kW (98 Ch),72.0,98.0,,d,Professionnel,zero,4633,False,Berline / 5 portes (non détecté comme break),toyota,corolla,Eurekar.be,BE-4633 Melen (Henri-Chapelle-Verviers-Eupen),,2026-08-25T01:24:07.638718,2024,50.6462,5.7359,Melen
ccfd392b-3569-4281-ae33-a7ccfaca7011,Toyota Corolla 1.8 Hybrid 140pk STYLE+WINTER PACK +Stuurwielverwarming +Zetelverwarming +Half leder/Alcantara +Parkeersensoren +Camera,31250,good-price,8,new,- (Année),2,Electrique/Essence,,103 kW (140 Ch),103.0,140.0,,d,Professionnel,zero,8970,False,Berline / 5 portes (non détecté comme break),toyota,corolla,GARAGE DELANOTE BV,BE-8970 Poperinge,,2026-08-25T01:24:07.692860,,50.8539,2.7266,Poperinge
2c232177-729e-44f5-97a1-83a1b4045f49,Toyota Corolla Corolla TS Hybrid 1.8 Style e-CVT,30900,good-price,10,new,- (Année),b,Essence,,72 kW (98 Ch),72.0,98.0,Nouveau,d,Professionnel,some,3200,False,"Break / Touring (probable, 'TS')",toyota,corolla,MP CARS,BE-3200 Aarschot,,2026-08-25T01:24:07.750956,,50.9871,4.8369,Aarschot
41c7e387-fb9a-4339-b06f-e0941c19f5f8,Toyota Corolla Corolla SW Hybrid 1.8 Dynamic GPF e-CVT,22357,somewhat-expensive,65000,05-2022,05/2022,b,Essence,,72 kW (98 Ch),72.0,98.0,,p,Inconnu (p),zero,3900,False,Break / Touring (détecté),toyota,corolla,Particulier,BE-3900 Pelt,,2026-08-25T01:24:07.812572,2022,51.2104,5.4156,Pelt
f33737f6-2a10-4461-9a31-37eacde228eb,Toyota Corolla 184hp HEV TS Premium | pano | JBL | head up,31990,good-price,37382,11-2024,11/2024,2,Electrique/Essence,,112 kW (152 Ch),112.0,152.0,,d,Professionnel,some,1200,False,"Break / Touring (probable, 'TS')",toyota,corolla,Toyota City Approved Used Woluwe,BE-1200 Woluwe-Saint-Lambert,,2026-08-25T01:24:07.870011,2024,50.8439,4.4291,Woluwe-Saint-Lambert
8ac54bc9-1c92-4ef3-9e8c-7827909ab3a3,Toyota Corolla 1.8 Hybrid Active,20499,fair-price,71253,03-2022,03/2022,2,Electrique/Essence,,103 kW (140 Ch),103.0,140.0,,d,Professionnel,zero,1000,False,Berline / 5 portes (non détecté comme break),toyota,corolla,Autohero België,BE-1000 Brussel,,2026-08-25T01:24:14.437383,2022,50.8504,4.3488,Bruxelles
5e119f95-9f86-4236-a44a-4f3fee7778e8,Toyota Corolla 1.8 Hybrid,27000,fair-price,34500,02-2024,02/2024,2,Electrique/Essence,,72 kW (98 Ch),72.0,98.0,,p,Inconnu (p),zero,2600,False,Berline / 5 portes (non détecté comme break),toyota,corolla,Particulier,BE-2600 Antwerpen,,2026-08-25T01:24:14.546767,2024,51.1902,4.4326,Berchem
e7847401-a7fb-473d-9c29-375f8a23e0f2,Toyota Corolla TS Business Edition+cam+DAB+carplay+androidauto,26900,good-price,21527,05-2025,05/2025,2,Electrique/Essence,,103 kW (140 Ch),103.0,140.0,,d,Professionnel,some,8900,False,"Break / Touring (probable, 'TS')",toyota,corolla,Toyota Vancayzeele Ieper,BE-8900 Ieper,,2026-08-25T01:24:14.649443,2025,50.8511,2.8857,Ieper
093c6a34-0813-4411-82a4-718f47b97d6c,Toyota Corolla 1.8 Hybrid Comfort,25000,fair-price,22000,07-2023,07/2023,2,Electrique/Essence,,72 kW (98 Ch),72.0,98.0,,p,Inconnu (p),zero,9800,False,Berline / 5 portes (non détecté comme break),toyota,corolla,Particulier,BE-9800 Deinze,,2026-08-25T01:24:14.747823,2023,50.9667,3.5333,Petegem-Aan-De-Leie
c83b9065-f37f-4e05-98e3-1dd8a432a221,Toyota Corolla Style + Winterpack,30950,good-price,10,04-2026,04/2026,2,Electrique/Essence,,103 kW (140 Ch),103.0,140.0,,d,Professionnel,some,9190,False,Berline / 5 portes (non détecté comme break),toyota,corolla,Toyota Garage Pieters - P2cars,BE-9190 Stekene,,2026-08-25T01:24:14.832878,2026,51.2099,4.0365,Stekene
5d4aaa35-1493-4aeb-85e7-8fa0c8cd1404,Toyota Corolla Dynamic Business,23900,good-price,49692,07-2023,07/2023,2,Electrique/Essence,,72 kW (98 Ch),72.0,98.0,,d,Professionnel,zero,8000,False,Berline / 5 portes (non détecté comme break),toyota,corolla,Garage Scheerens bv,BE-8000 Brugge,,2026-08-25T01:24:14.909908,2023,51.2089,3.2242,Brugge
42f0a4b0-4982-4385-85b8-a6065f35c6fc,Toyota Corolla 1.8 122 H DESIGN Hybrid 2023 / TVA,20900,fair-price,72000,01-2023,01/2023,2,Electrique/Essence,,90 kW (122 Ch),90.0,122.0,Nouveau,d,Professionnel,zero,1730,False,Berline / 5 portes (non détecté comme break),toyota,corolla,BPI Cars,BE-1730 Kobbeghem,,2026-08-25T01:24:15.029166,2023,50.9312,4.2263,Mollem
d0beeb10-294c-4eb8-bbeb-3d9900909f0e,Toyota Corolla 2.0 Hybrid 196pk Premium +Sportzetels +Elektrische koffer +Head-up display +Stuurwiel&Zetelverwarming +Half LEDER,30450,good-price,45080,02-2025,02/2025,2,Electrique/Essence,,144 kW (196 Ch),144.0,196.0,,d,Professionnel,zero,8970,False,Berline / 5 portes (non détecté comme break),toyota,corolla,GARAGE DELANOTE BV,BE-8970 Poperinge,,2026-08-25T01:24:15.122180,2025,50.8539,2.7266,Poperinge
8a2b426a-3cfd-4e69-9189-b9f633dbbf6f,Toyota Corolla 2.0 Premium+luxury- + experience pack+afneembare t,31950,fair-price,36200,02-2023,02/2023,2,Electrique/Essence,,144 kW (196 Ch),144.0,196.0,,d,Professionnel,zero,8800,False,Berline / 5 portes (non détecté comme break),toyota,corolla,Toyota Vancayzeele Roeselare,BE-8800 Roeselare,,2026-08-25T01:24:15.202042,2023,50.9325,3.1672,Rumbeke
e49e7900-6ff9-4f7d-a906-9a544013622d,Toyota Corolla 2.0 Hybrid Dynamic e-CVT / CLIMATISATION /GARANTIE,21990,somewhat-expensive,69346,09-2020,09/2020,b,Essence,,132 kW (179 Ch),132.0,179.0,,d,Professionnel,some,7033,False,Berline / 5 portes (non détecté comme break),toyota,corolla,Kabakci Car,BE-7033 Cuesmes,,2026-08-25T01:24:15.267679,2020,50.4362,3.9232,Cuesmes
dd7ad8d2-dfac-4d0a-94c5-847c33a10b0d,Toyota Corolla Corolla TS Hybrid 1.8 Premium e-CVT GPF,27600,fair-price,31000,06-2023,06/2023,2,Electrique/Essence,,72 kW (98 Ch),72.0,98.0,,p,Inconnu (p),zero,7912,False,"Break / Touring (probable, 'TS')",toyota,corolla,Particulier,BE-7912 Frasnes-lez-Anvaing,,2026-08-25T01:24:15.330379,2023,50.706,3.5978,Saint-Sauveur
87105938-8be6-4add-8860-f9f53ec66293,Toyota Corolla STYLE,19990,somewhat-expensive,99822,04-2019,04/2019,2,Electrique/Essence,,72 kW (98 Ch),72.0,98.0,,d,Professionnel,some,4633,False,Berline / 5 portes (non détecté comme break),toyota,corolla,Eurekar.be,BE-4633 Melen (Henri-Chapelle-Verviers-Eupen),,2026-08-25T01:24:15.382787,2019,50.6462,5.7359,Melen
a750b231-2944-4539-8dbf-0d1e89d846f1,Toyota Corolla DYNAMIC,22990,fair-price,64186,03-2022,03/2022,2,Electrique/Essence,,72 kW (98 Ch),72.0,98.0,,d,Professionnel,zero,4633,False,Berline / 5 portes (non détecté comme break),toyota,corolla,Eurekar.be,BE-4633 Melen (Henri-Chapelle-Verviers-Eupen),,2026-08-25T01:24:15.436168,2022,50.6462,5.7359,Melen
4aaba6d9-3d5b-4eda-85be-1a57276c8b0b,Toyota Corolla 1.2 Turbo Dynamic Plus,18498,somewhat-expensive,54000,05-2020,05/2020,b,Essence,,85 kW (116 Ch),85.0,116.0,,d,Professionnel,zero,5070,False,Berline / 5 portes (non détecté comme break),toyota,corolla,Toyota - Jacquet Bernard SPRL,BE-5070 Sart Eustache,,2026-08-25T01:24:15.489373,2020,50.4024,4.7422,Sart-Saint-Laurent
00347de9-b465-4534-974b-02da6213b0c5,Toyota Corolla TS Business Edition+cam+DAB+carplay+androidauto,26900,good-price,25451,05-2025,05/2025,2,Electrique/Essence,,103 kW (140 Ch),103.0,140.0,,d,Professionnel,zero,8900,False,"Break / Touring (probable, 'TS')",toyota,corolla,Toyota Vancayzeele Ieper,BE-8900 Ieper,,2026-08-25T01:24:15.541614,2025,50.8511,2.8857,Ieper
48dc0fd0-dd29-4a9d-885d-b04944a1b3a5,Toyota Corolla 1.8 Hybrid Dynamic e-CVT + Business Pack + Navi -,25990,fair-price,20348,01-2024,01/2024,2,Electrique/Essence,,103 kW (140 Ch),103.0,140.0,,d,Professionnel,zero,2630,False,Berline / 5 portes (non détecté comme break),toyota,corolla,GMS Center Antwerpen Zuid,BE-2630 Antwerpen,,2026-08-25T01:24:15.595029,2024,51.1341,4.3868,Aartselaar
7fff86cd-72b5-4dc3-b4a4-923b24f1859a,Toyota Corolla Dynamic,23990,fair-price,61327,04-2023,04/2023,2,Electrique/Essence,,72 kW (98 Ch),72.0,98.0,,d,Professionnel,zero,4633,False,Berline / 5 portes (non détecté comme break),toyota,corolla,Eurekar.be,BE-4633 Melen (Henri-Chapelle-Verviers-Eupen),,2026-08-25T01:24:15.649148,2023,50.6462,5.7359,Melen
a449112e-d23c-41ad-9ed9-0db022accf49,Toyota Corolla Dynamic,27490,good-price,13983,09-2024,09/2024,2,Electrique/Essence,,72 kW (98 Ch),72.0,98.0,,d,Professionnel,zero,1600,False,Berline / 5 portes (non détecté comme break),toyota,corolla,Toyota Sint-Pieters-Leeuw By ACB,BE-1600 Sint-Pieters-Leeuw,,2026-08-25T01:24:15.701002,2024,50.7793,4.2435,Sint-Pieters-Leeuw
211b8b6b-eed8-498e-81a0-4eb64af71c7a,Toyota Corolla Touring Sports 2.0 Hybrid CVT GR Sport + Premium P,29895,somewhat-expensive,97953,07-2023,07/2023,2,Electrique/Essence,,112 kW (152 Ch),112.0,152.0,,d,Professionnel,some,5570,True,Break / Touring (détecté),toyota,corolla,Auto W.E.B. Beauraing - Toyota,BE-5570 Beauraing,,2026-08-25T01:24:15.751841,2023,50.1178,4.889,Dion
7659415a-6006-4f57-9101-70c7820fc21d,Toyota Corolla Corolla SW Hybrid 1.8 GR Sport GPF e-CVT 1er PROPRIETAIRE,26990,somewhat-expensive,59195,05-2023,05/2023,b,Essence,,72 kW (98 Ch),72.0,98.0,,d,Professionnel,zero,6041,True,Break / Touring (détecté),toyota,corolla,AB Motor,BE-6041 Gosselies,,2026-08-25T01:24:15.805836,2023,50.4694,4.4332,Gosselies
6db89ac4-f3b1-4970-a169-d68582d6c821,Toyota Corolla GR Sport + Tech Pack,25950,fair-price,40739,05-2024,05/2024,2,Electrique/Essence,,103 kW (140 Ch),103.0,140.0,,d,Professionnel,zero,9190,True,Berline / 5 portes (non détecté comme break),toyota,corolla,Toyota Garage Pieters - P2cars,BE-9190 Stekene,,2026-08-25T01:24:24.882790,2024,51.2099,4.0365,Stekene
8d21a5ad-f136-45aa-bd1d-7e27195d66fc,Toyota Corolla Corolla TS Hybrid 1.8 Style e-CVT Full option/Nieuwe wagen,31990,fair-price,6,07-2026,07/2026,2,Electrique/Essence,,103 kW (140 Ch),103.0,140.0,,d,Professionnel,some,9420,False,"Break / Touring (probable, 'TS')",toyota,corolla,Garage Troch : 60 Jaar Passie & Service,BE-9420 Erpe-Mere,,2026-08-25T01:24:24.937259,2026,50.8892,3.9367,Aaigem
4a1bad20-8c2d-4d7e-a956-fef4b9ee29b0,Toyota Corolla 5D Teamplayer+cam+gps+sens V+A,26950,good-price,16266,09-2024,09/2024,2,Electrique/Essence,,103 kW (140 Ch),103.0,140.0,,d,Professionnel,zero,8900,False,Berline / 5 portes (non détecté comme break),toyota,corolla,Toyota Vancayzeele Ieper,BE-8900 Ieper,,2026-08-25T01:24:24.993327,2024,50.8511,2.8857,Ieper
45188908-e654-4176-a4a6-7039cc268e60,Toyota Corolla Corolla SW Hybrid 1.8 GR Sport*TVA Deduc*Etat neuf,25990,expensive,68600,10-2021,10/2021,2,Electrique/Essence,,72 kW (98 Ch),72.0,98.0,,d,Professionnel,zero,6470,True,Break / Touring (détecté),toyota,corolla,SPRL PHILIPPE JULLIEN,BE-6470 SAUTIN,,2026-08-25T01:24:25.046978,2021,50.1664,4.1842,Sivry
27b51f07-8f71-4174-925e-d9c0925ff1b7,Toyota Corolla Dynamic,21990,fair-price,77184,01-2021,01/2021,2,Electrique/Essence,,72 kW (98 Ch),72.0,98.0,,d,Professionnel,zero,4633,False,Berline / 5 portes (non détecté comme break),toyota,corolla,Eurekar.be,BE-4633 Melen (Henri-Chapelle-Verviers-Eupen),,2026-08-25T01:24:25.099438,2021,50.6462,5.7359,Melen
a9c0498f-25d4-4f78-87fa-8d5a8b31942c,Toyota Corolla Premium,29950,good-price,16745,04-2025,04/2025,2,Electrique/Essence,,72 kW (98 Ch),72.0,98.0,,d,Professionnel,zero,3020,False,Berline / 5 portes (non détecté comme break),toyota,corolla,De Bruyn Leuven,BE-3020 Herent,,2026-08-25T01:24:25.153849,2025,50.9081,4.6191,Veltem-Beisem
dab9d159-bbbe-464f-be31-5681df1a0f4e,Toyota Corolla 1.8 Hybrid zetelverwarming camera adaptieve crs dodehoeksensoren,24950,fair-price,48000,04-2024,04/2024,2,Electrique/Essence,,72 kW (98 Ch),72.0,98.0,,d,Professionnel,zero,8530,False,Berline / 5 portes (non détecté comme break),toyota,corolla,Auto Center Harelbeke bv,BE-8530 Harelbeke,,2026-08-25T01:24:25.234104,2024,50.8534,3.3094,Harelbeke
985847b6-2550-466f-ad5e-b43dc8bf8741,Toyota Corolla Dynamic,23990,fair-price,69410,02-2023,02/2023,2,Electrique/Essence,,72 kW (98 Ch),72.0,98.0,,d,Professionnel,zero,4633,False,Berline / 5 portes (non détecté comme break),toyota,corolla,Eurekar.be,BE-4633 Melen (Henri-Chapelle-Verviers-Eupen),,2026-08-25T01:24:25.288343,2023,50.6462,5.7359,Melen
b0fde962-9702-4a46-a242-0821be08936e,Toyota Corolla GR Sport,24990,somewhat-expensive,67307,06-2022,06/2022,2,Electrique/Essence,,72 kW (98 Ch),72.0,98.0,,d,Professionnel,zero,4633,True,Berline / 5 portes (non détecté comme break),toyota,corolla,Eurekar.be,BE-4633 Melen (Henri-Chapelle-Verviers-Eupen),,2026-08-25T01:24:25.340458,2022,50.6462,5.7359,Melen
2fea6af7-dbf7-4b84-b653-7e9bae087524,Toyota Corolla 2.0 Hybrid 196pk Premium+LEDER+Dodehoek+Sportzetel,31950,fair-price,32500,05-2024,05/2024,2,Electrique/Essence,,144 kW (196 Ch),144.0,196.0,,d,Professionnel,zero,8970,False,Berline / 5 portes (non détecté comme break),toyota,corolla,GARAGE DELANOTE BV,BE-8970 Poperinge,,2026-08-25T01:24:25.392257,2024,50.8539,2.7266,Poperinge
508ac8b0-9ad8-48e7-9a35-950e420a6209,Toyota Corolla Touring Sports 1.8 Hybrid Style e-CVT + Tech Pack,33500,good-price,9325,06-2025,06/2025,2,Electrique/Essence,,103 kW (140 Ch),103.0,140.0,,d,Professionnel,zero,2630,False,Break / Touring (détecté),toyota,corolla,GMS Center Antwerpen Zuid,BE-2630 Antwerpen,,2026-08-25T01:24:25.463160,2025,51.1341,4.3868,Aartselaar
2d39da3d-6956-48d2-b1aa-1732fcbe9228,Toyota Corolla TS Dynamic + Cold Pack,23950,expensive,52544,07-2019,07/2019,2,Electrique/Essence,,91 kW (124 Ch),91.0,124.0,,d,Professionnel,zero,8800,False,"Break / Touring (probable, 'TS')",toyota,corolla,Garage Taillieu,BE-8800 Roeselare,,2026-08-25T01:24:25.514186,2019,50.9325,3.1672,Rumbeke
87468e52-473b-4921-9d1d-7f80f2749adc,Toyota Corolla TS Premium+afneembare trekhaak+cam+gps+sens V+A,30450,fair-price,42061,05-2025,05/2025,2,Electrique/Essence,,103 kW (140 Ch),103.0,140.0,,d,Professionnel,some,8900,False,"Break / Touring (probable, 'TS')",toyota,corolla,Toyota Vancayzeele Ieper,BE-8900 Ieper,,2026-08-25T01:24:25.565579,2025,50.8511,2.8857,Ieper
d6e321df-11c2-44eb-a9f5-fd03746b91ca,Toyota Corolla Corolla SW TS Hybrid 2.0 Premium e-CVT Premium Touring Sport,29500,good-price,19500,01-2024,01/2024,b,Essence,,112 kW (152 Ch),112.0,152.0,,d,Professionnel,some,4851,True,Break / Touring (détecté),toyota,corolla,Garage Nicolaije,BE-4851 Gemmenich,,2026-08-25T01:24:25.617468,2024,50.7513,5.9326,Sippenaeken
e91a4b63-de82-4261-a087-828f233aca12,Toyota Corolla 2.0 Hybrid 196pk Premium +ZWART LEDER +Trekhaak +Sportzetels +Dodehoek +Elektrische koffer,31950,good-price,16400,03-2024,03/2024,2,Electrique/Essence,,144 kW (196 Ch),144.0,196.0,,d,Professionnel,some,8970,False,Berline / 5 portes (non détecté comme break),toyota,corolla,GARAGE DELANOTE BV,BE-8970 Poperinge,,2026-08-25T01:24:25.669406,2024,50.8539,2.7266,Poperinge
867930a8-8aa3-494a-bcfe-39350f68590b,Toyota Corolla GR Sport,29990,fair-price,41615,06-2024,06/2024,2,Electrique/Essence,,72 kW (98 Ch),72.0,98.0,,d,Professionnel,zero,4633,True,Berline / 5 portes (non détecté comme break),toyota,corolla,Eurekar.be,BE-4633 Melen (Henri-Chapelle-Verviers-Eupen),,2026-08-25T01:24:25.719375,2024,50.6462,5.7359,Melen
11f8eb8e-dfe0-4152-b88d-a6435b15c4b3,Toyota Corolla Style - Tech Pack - Garantie,29950,top-price,19380,08-2025,08/2025,2,Electrique/Essence,,72 kW (98 Ch),72.0,98.0,,d,Professionnel,zero,9050,False,Berline / 5 portes (non détecté comme break),toyota,corolla,CIAC Toyota Gent,BE-9050 Ledeberg,,2026-08-25T01:24:25.769966,2025,51.0369,3.7651,Gentbrugge
bbf22556-8424-479e-9c96-9885fd60398c,Toyota Corolla Style,26990,somewhat-expensive,73863,05-2023,05/2023,2,Electrique/Essence,,72 kW (98 Ch),72.0,98.0,,d,Professionnel,zero,4633,False,Berline / 5 portes (non détecté comme break),toyota,corolla,Eurekar.be,BE-4633 Melen (Henri-Chapelle-Verviers-Eupen),,2026-08-25T01:24:25.823471,2023,50.6462,5.7359,Melen
2655aa4c-28af-4904-a937-6b04374e4887,Toyota Corolla TS Teamplayer+cam+gps+sens V+A,29950,fair-price,15522,03-2025,03/2025,2,Electrique/Essence,,103 kW (140 Ch),103.0,140.0,,d,Professionnel,zero,8800,False,"Break / Touring (probable, 'TS')",toyota,corolla,Toyota Vancayzeele Roeselare,BE-8800 Roeselare,,2026-08-25T01:24:25.876796,2025,50.9325,3.1672,Rumbeke
215a1ac0-0d5c-4f30-8b56-8e3a676e9878,Toyota Corolla Touring Sports Hybride 1.8 TEAMPLAYER,30900,good-price,5,new,- (Année),2,Electrique/Essence,,72 kW (98 Ch),72.0,98.0,Nouveau,d,Professionnel,zero,8800,False,Break / Touring (détecté),toyota,corolla,bvba Auto's Dewulf,BE-8800 Roeselare,,2026-08-25T01:24:25.932787,,50.9325,3.1672,Rumbeke
18eaf04a-a201-481b-a13c-14f4c316938f,Toyota Corolla Dynamic,23990,fair-price,82868,01-2023,01/2023,2,Electrique/Essence,,72 kW (98 Ch),72.0,98.0,,d,Professionnel,zero,4633,False,Berline / 5 portes (non détecté comme break),toyota,corolla,Eurekar.be,BE-4633 Melen (Henri-Chapelle-Verviers-Eupen),,2026-08-25T01:24:34.749893,2023,50.6462,5.7359,Melen
ba9894a1-4f95-401a-97e5-f8efc04e5acf,Toyota Corolla Premium,28950,good-price,52021,10-2024,10/2024,2,Electrique/Essence,,72 kW (98 Ch),72.0,98.0,,d,Professionnel,zero,3111,False,Berline / 5 portes (non détecté comme break),toyota,corolla,De Bruyn Wezemaal,BE-3111 Wezemaal,,2026-08-25T01:24:34.812232,2024,50.9485,4.7554,Wezemaal
603cfcac-532f-42d6-9e90-2b6ae07d31c9,Toyota Corolla Touring Sports Hybride 1.8 Style e-CVT Teamplayer,30900,fair-price,5,new,- (Année),2,Electrique/Essence,,72 kW (98 Ch),72.0,98.0,Nouveau,d,Professionnel,zero,8800,False,Break / Touring (détecté),toyota,corolla,bvba Auto's Dewulf,BE-8800 Roeselare,,2026-08-25T01:24:34.872721,,50.9325,3.1672,Rumbeke
468fb3fb-066c-43bb-8ebe-17f81eb1ec07,Toyota Corolla 1.8 HYB PREMIUM,29995,good-price,26364,03-2025,03/2025,2,Electrique/Essence,,103 kW (140 Ch),103.0,140.0,,d,Professionnel,zero,9990,False,Berline / 5 portes (non détecté comme break),toyota,corolla,Toyota Lievens Brugge - Maldegem - Oostende,BE-9990 Maldegem,,2026-08-25T01:24:34.934735,2025,51.2074,3.4451,Maldegem
368a8e0a-8872-449f-af5a-59e2df9a6ec8,Toyota Corolla Touring Sports 2.0 Hybrid CVT,35990,unknown,40937,10-2023,10/2023,2,Electrique/Essence,,112 kW (152 Ch),112.0,152.0,,d,Professionnel,zero,6700,False,Break / Touring (détecté),toyota,corolla,AutoScout24 Luxembourg,BE-6700 Arlon,,2026-08-25T01:24:35.029095,2023,49.6833,5.8167,Arlon
94e8779a-484c-482e-9fb4-d178b7b6548c,Toyota Corolla 140hp HEV HB Premium | leather | head up,30990,fair-price,30928,02-2025,02/2025,2,Electrique/Essence,,72 kW (98 Ch),72.0,98.0,,d,Professionnel,zero,1200,False,Berline / 5 portes (non détecté comme break),toyota,corolla,Toyota City Approved Used Woluwe,BE-1200 Woluwe-Saint-Lambert,,2026-08-25T01:24:35.096626,2025,50.8439,4.4291,Woluwe-Saint-Lambert
acfffeb9-5d63-45f1-aceb-ebd26a8d847c,Toyota Corolla TS Teamplayer+cam+gps+sens V+A,29950,fair-price,14011,04-2025,04/2025,2,Electrique/Essence,,103 kW (140 Ch),103.0,140.0,,d,Professionnel,zero,8900,False,"Break / Touring (probable, 'TS')",toyota,corolla,Toyota Vancayzeele Ieper,BE-8900 Ieper,,2026-08-25T01:24:35.155364,2025,50.8511,2.8857,Ieper
db4fd6ab-9cb4-4714-9019-b49c1d16febf,Toyota Corolla Style + Winterpack,30950,good-price,10,04-2026,04/2026,2,Electrique/Essence,,103 kW (140 Ch),103.0,140.0,,d,Professionnel,some,9190,False,Berline / 5 portes (non détecté comme break),toyota,corolla,Toyota Garage Pieters - P2cars,BE-9190 Stekene,,2026-08-25T01:24:35.212050,2026,51.2099,4.0365,Stekene
4a483e4d-79ab-4c4c-b645-c82d5f9b865b,Toyota Corolla GR SPORT,25990,fair-price,49069,04-2023,04/2023,2,Electrique/Essence,,72 kW (98 Ch),72.0,98.0,,d,Professionnel,zero,4633,True,Berline / 5 portes (non détecté comme break),toyota,corolla,Eurekar.be,BE-4633 Melen (Henri-Chapelle-Verviers-Eupen),,2026-08-25T01:24:35.267414,2023,50.6462,5.7359,Melen
f7a871dc-67a2-40df-9c89-7673747f2369,Toyota Corolla Style + Winter + Tech Pack,31950,good-price,10,05-2026,05/2026,2,Electrique/Essence,,103 kW (140 Ch),103.0,140.0,,d,Professionnel,zero,9190,False,Berline / 5 portes (non détecté comme break),toyota,corolla,Toyota Garage Pieters - P2cars,BE-9190 Stekene,,2026-08-25T01:24:35.334095,2026,51.2099,4.0365,Stekene
e0b98b05-e7d5-4f0c-8da9-0d84fe20eceb,Toyota Corolla Style + Winter + Tech Pack,31950,good-price,10,05-2026,05/2026,2,Electrique/Essence,,103 kW (140 Ch),103.0,140.0,,d,Professionnel,zero,9190,False,Berline / 5 portes (non détecté comme break),toyota,corolla,Toyota Garage Pieters - P2cars,BE-9190 Stekene,,2026-08-25T01:24:35.420673,2026,51.2099,4.0365,Stekene
58b5f978-3b08-477f-ba51-78b468cb844e,Toyota Corolla TS Teamplayer Zetelverwarming dodehoek Camera Led,31250,unknown,50,04-2026,04/2026,2,Electrique/Essence,,103 kW (140 Ch),103.0,140.0,,d,Professionnel,zero,8530,False,"Break / Touring (probable, 'TS')",toyota,corolla,Auto Center Harelbeke bv,BE-8530 Harelbeke,,2026-08-25T01:24:35.507837,2026,50.8534,3.3094,Harelbeke
d94f7444-a735-43a4-871c-003947cc5ee5,Toyota Corolla Corolla TS Hybride 1.8 Teamplayer,30900,good-price,5,new,- (Année),2,Electrique/Essence,,72 kW (98 Ch),72.0,98.0,Nouveau,d,Professionnel,zero,8800,False,"Break / Touring (probable, 'TS')",toyota,corolla,bvba Auto's Dewulf,BE-8800 Roeselare,,2026-08-25T01:24:35.594790,,50.9325,3.1672,Rumbeke
13627657-2aa6-4e28-9d7e-3d4068a3bf44,Toyota Corolla 1.8 HYB STYLE + TECH PACK,33750,good-price,9500,11-2024,11/2024,2,Electrique/Essence,,103 kW (140 Ch),103.0,140.0,,d,Professionnel,zero,9990,False,Berline / 5 portes (non détecté comme break),toyota,corolla,Toyota Lievens Brugge - Maldegem - Oostende,BE-9990 Maldegem,,2026-08-25T01:24:35.668172,2024,51.2074,3.4451,Maldegem
1489f04e-9491-49a9-8ddf-050a5e730368,Toyota Corolla Style,30990,good-price,24752,07-2025,07/2025,2,Electrique/Essence,,72 kW (98 Ch),72.0,98.0,,d,Professionnel,zero,3111,False,Berline / 5 portes (non détecté comme break),toyota,corolla,De Bruyn Wezemaal,BE-3111 Wezemaal,,2026-08-25T01:24:35.739170,2025,50.9485,4.7554,Wezemaal
8c511608-dc8c-42dc-b722-8e4bea5746d1,Toyota Corolla TS Teamplayer+cam+gps+sens V+A,29950,fair-price,11669,01-2025,01/2025,2,Electrique/Essence,,103 kW (140 Ch),103.0,140.0,,d,Professionnel,zero,8900,False,"Break / Touring (probable, 'TS')",toyota,corolla,Toyota Vancayzeele Ieper,BE-8900 Ieper,,2026-08-25T01:24:35.809327,2025,50.8511,2.8857,Ieper
b46ac536-fa9a-46fe-929f-0eb6b44d8d81,Toyota Corolla Style,27990,somewhat-expensive,50099,01-2023,01/2023,2,Electrique/Essence,,72 kW (98 Ch),72.0,98.0,,d,Professionnel,zero,4633,False,Berline / 5 portes (non détecté comme break),toyota,corolla,Eurekar.be,BE-4633 Melen (Henri-Chapelle-Verviers-Eupen),,2026-08-25T01:24:35.876519,2023,50.6462,5.7359,Melen
6d37aff8-f7a4-4136-9e1e-847475e8683b,Toyota Corolla Style + Winter + Tech Pack,31950,good-price,10,06-2026,06/2026,2,Electrique/Essence,,103 kW (140 Ch),103.0,140.0,,d,Professionnel,zero,9190,False,Berline / 5 portes (non détecté comme break),toyota,corolla,Toyota Garage Pieters - P2cars,BE-9190 Stekene,,2026-08-25T01:24:35.935766,2026,51.2099,4.0365,Stekene
696ced26-74c0-4f51-9f66-9791c32946f5,Toyota Corolla Style + Winter + Tech Pack,31950,good-price,10,05-2026,05/2026,2,Electrique/Essence,,103 kW (140 Ch),103.0,140.0,,d,Professionnel,some,9190,False,Berline / 5 portes (non détecté comme break),toyota,corolla,Toyota Garage Pieters - P2cars,BE-9190 Stekene,,2026-08-25T01:24:35.996923,2026,51.2099,4.0365,Stekene
116052dc-3d6b-4724-86bd-61890f312cc2,Toyota Corolla Style + Winter + Tech Pack,31950,good-price,10,05-2026,05/2026,2,Electrique/Essence,,103 kW (140 Ch),103.0,140.0,,d,Professionnel,zero,9190,False,Berline / 5 portes (non détecté comme break),toyota,corolla,Toyota Garage Pieters - P2cars,BE-9190 Stekene,,2026-08-25T01:24:36.064388,2026,51.2099,4.0365,Stekene
8899f4fd-ac48-400b-8c31-b860a0c1cfd0,Toyota Corolla TS Teamplayer+cam+gps+sens V+A,29950,fair-price,17999,03-2025,03/2025,2,Electrique/Essence,,103 kW (140 Ch),103.0,140.0,,d,Professionnel,zero,8900,False,"Break / Touring (probable, 'TS')",toyota,corolla,Toyota Vancayzeele Ieper,BE-8900 Ieper,,2026-08-25T01:24:43.578329,2025,50.8511,2.8857,Ieper
4a8012fc-73f6-4c83-a81b-e801109ce3c4,Toyota Corolla Corolla SW Hybrid 1.8 Style GPF e-CVT,31250,fair-price,15,04-2026,04/2026,2,Electrique/Essence,,72 kW (98 Ch),72.0,98.0,,d,Professionnel,zero,9930,False,Break / Touring (détecté),toyota,corolla,Toyota Snoeck bvba,BE-9930 Zomergem,,2026-08-25T01:24:43.640949,2026,51.1199,3.565,Zomergem
e454dd69-ff2b-4489-bfec-c27d3e516ed6,Toyota Corolla GR Sport,28990,somewhat-expensive,43755,06-2023,06/2023,2,Electrique/Essence,,72 kW (98 Ch),72.0,98.0,,d,Professionnel,zero,4633,True,Berline / 5 portes (non détecté comme break),toyota,corolla,Eurekar.be,BE-4633 Melen (Henri-Chapelle-Verviers-Eupen),,2026-08-25T01:24:43.694625,2023,50.6462,5.7359,Melen
e2392e6e-d0c6-4975-bf53-2f4d3dc13651,Toyota Corolla 1.8 Hybrid 2WD DYNAMIC e-CVT 5d 72kW,29990,somewhat-expensive,46271,12-2024,12/2024,2,Electrique/Essence,,72 kW (98 Ch),72.0,98.0,,d,Professionnel,zero,1600,False,Berline / 5 portes (non détecté comme break),toyota,corolla,Toyota Sint-Pieters-Leeuw By ACB,BE-1600 Sint-Pieters-Leeuw,,2026-08-25T01:24:43.751810,2024,50.7793,4.2435,Sint-Pieters-Leeuw
e5e61884-f6ea-4efb-9c3e-3554b05895dc,Toyota Corolla 1.8 HYBRID STYLE + TECH PACK,28495,fair-price,6592,07-2023,07/2023,2,Electrique/Essence,,72 kW (98 Ch),72.0,98.0,,d,Professionnel,zero,9990,False,Berline / 5 portes (non détecté comme break),toyota,corolla,Toyota Lievens Brugge - Maldegem - Oostende,BE-9990 Maldegem,,2026-08-25T01:24:43.819805,2023,51.2074,3.4451,Maldegem
af1c7f05-f1b2-47f6-8e66-c55474d48888,Toyota Corolla TS Teamplayer+cam+gps+sens V+A,29950,fair-price,16909,04-2025,04/2025,2,Electrique/Essence,,103 kW (140 Ch),103.0,140.0,,d,Professionnel,zero,8800,False,"Break / Touring (probable, 'TS')",toyota,corolla,Toyota Vancayzeele Roeselare,BE-8800 Roeselare,,2026-08-25T01:24:43.891120,2025,50.9325,3.1672,Rumbeke
7320f910-0176-45e0-b9c3-709b87f215bc,Toyota Corolla Touring Sports 1.8 Hybrid CVT GR Sport FULL CUIR,33990,somewhat-expensive,35833,08-2024,08/2024,2,Electrique/Essence,,72 kW (98 Ch),72.0,98.0,,d,Professionnel,zero,5600,True,Break / Touring (détecté),toyota,corolla,Auto W.E.B. Philippeville,BE-5600 PHILIPPEVILLE,,2026-08-25T01:24:43.977440,2024,50.1576,4.6199,Sart-En-Fagne
43bc4e0b-91f0-4a7e-9f47-87b3012fc599,Toyota Corolla Style + Winter + Tech Pack,31950,good-price,10,06-2026,06/2026,2,Electrique/Essence,,103 kW (140 Ch),103.0,140.0,,d,Professionnel,zero,9190,False,Berline / 5 portes (non détecté comme break),toyota,corolla,Toyota Garage Pieters - P2cars,BE-9190 Stekene,,2026-08-25T01:24:44.054394,2026,51.2099,4.0365,Stekene
1822f23f-ae11-4ce8-b9c1-3afb29d7acce,Toyota Corolla 196hp HEV TS Premium | head up | all seasons,34990,fair-price,15507,02-2025,02/2025,2,Electrique/Essence,,112 kW (152 Ch),112.0,152.0,,d,Professionnel,zero,1200,False,"Break / Touring (probable, 'TS')",toyota,corolla,Toyota City Approved Used Woluwe,BE-1200 Woluwe-Saint-Lambert,,2026-08-25T01:24:44.116720,2025,50.8439,4.4291,Woluwe-Saint-Lambert
057e8147-7ca1-4907-b89a-699ebc97e4cf,Toyota Corolla Style + Winterpack,30950,good-price,10,04-2026,04/2026,2,Electrique/Essence,,103 kW (140 Ch),103.0,140.0,,d,Professionnel,zero,9190,False,Berline / 5 portes (non détecté comme break),toyota,corolla,Toyota Garage Pieters - P2cars,BE-9190 Stekene,,2026-08-25T01:24:44.186133,2026,51.2099,4.0365,Stekene
53bf96ef-37ec-4224-9f5b-1b1b7b110099,Toyota Corolla 2.0 HYB GR-SPORT + TECH PACK,35995,somewhat-expensive,9300,01-2024,01/2024,2,Electrique/Essence,,144 kW (196 Ch),144.0,196.0,,d,Professionnel,zero,9990,True,Berline / 5 portes (non détecté comme break),toyota,corolla,Toyota Lievens Brugge - Maldegem - Oostende,BE-9990 Maldegem,,2026-08-25T01:24:44.254784,2024,51.2074,3.4451,Maldegem
1f344924-b4ae-4e49-99ca-f46f6b44e3b0,Toyota Corolla TS Teamplayer+cam+gps+sens V+A,29950,fair-price,19798,03-2025,03/2025,2,Electrique/Essence,,103 kW (140 Ch),103.0,140.0,,d,Professionnel,zero,8500,False,"Break / Touring (probable, 'TS')",toyota,corolla,Toyota Vancayzeele Kortrijk,BE-8500 Kortrijk,,2026-08-25T01:24:44.330838,2025,50.828,3.2649,Kortrijk
c1b0da5d-a4a9-4475-a684-6faa5150529e,Toyota Corolla Corolla Hybrid 1.8 Dynamic e-CVT GPF,31990,expensive,7964,07-2024,07/2024,2,Electrique/Essence,,72 kW (98 Ch),72.0,98.0,,p,Inconnu (p),zero,7538,False,Berline / 5 portes (non détecté comme break),toyota,corolla,Particulier,BE-7538 vezon,,2026-08-25T01:24:44.416534,2024,50.5692,3.5047,Vezon
f44483f7-9f1a-461c-8d87-1d56339f2242,Toyota Corolla TS+Style+tech pack+cam+nav+sen,33900,good-price,10000,06-2025,06/2025,2,Electrique/Essence,,103 kW (140 Ch),103.0,140.0,,d,Professionnel,zero,8900,False,"Break / Touring (probable, 'TS')",toyota,corolla,Toyota Vancayzeele Ieper,BE-8900 Ieper,,2026-08-25T01:24:44.497976,2025,50.8511,2.8857,Ieper
978e32c0-0bc6-4726-adb5-9cc6f5239697,Toyota Corolla 2.0 HYB STYLE,33995,fair-price,5747,10-2023,10/2023,2,Electrique/Essence,,145 kW (197 Ch),145.0,197.0,,d,Professionnel,zero,9990,False,Berline / 5 portes (non détecté comme break),toyota,corolla,Toyota Lievens Brugge - Maldegem - Oostende,BE-9990 Maldegem,,2026-08-25T01:24:44.570373,2023,51.2074,3.4451,Maldegem
5a483346-6cc3-4ec7-a083-b1a11f573791,Toyota Corolla HatchBack - Style finition,34118,unknown,1500,08-2025,08/2025,2,Electrique/Essence,,103 kW (140 Ch),103.0,140.0,,d,Professionnel,zero,6700,False,Berline / 5 portes (non détecté comme break),toyota,corolla,AutoScout24 Luxembourg,BE-6700 Arlon,,2026-08-25T01:24:44.648870,2025,49.6833,5.8167,Arlon
f9588f5a-360e-4e4c-a618-730ddcef1d51,Toyota Corolla Style + Winter + Tech Pack,31950,good-price,10,06-2026,06/2026,2,Electrique/Essence,,103 kW (140 Ch),103.0,140.0,,d,Professionnel,zero,9190,False,Berline / 5 portes (non détecté comme break),toyota,corolla,Toyota Garage Pieters - P2cars,BE-9190 Stekene,,2026-08-25T01:24:44.724139,2026,51.2099,4.0365,Stekene
53092125-9732-46fb-a157-49c6cdeb626b,Toyota Corolla 1.8 Hyb Style + tech pack,32490,fair-price,15868,10-2024,10/2024,2,Electrique/Essence,,72 kW (98 Ch),72.0,98.0,,d,Professionnel,zero,9990,False,Berline / 5 portes (non détecté comme break),toyota,corolla,Toyota Lievens Brugge - Maldegem - Oostende,BE-9990 Maldegem,,2026-08-25T01:24:44.783598,2024,51.2074,3.4451,Maldegem
3804657b-1e57-4a03-b7de-64a66c59d73a,Toyota Corolla 1.8 Hybride Style + Tech Pack,37495,unknown,2500,unknown,- (Année),2,Electrique/Essence,,103 kW (140 Ch),103.0,140.0,,d,Professionnel,zero,9940,False,Berline / 5 portes (non détecté comme break),toyota,corolla,GARAGE BOONE nv,BE-9940 Evergem,,2026-08-25T01:24:44.855838,,51.1336,3.674,Sleidinge
2c3016b5-9926-456e-8a4b-7bca8d2c504f,Toyota Corolla TS Teamplayer+cam+gps+sens V+A,29950,fair-price,20840,04-2025,04/2025,2,Electrique/Essence,,103 kW (140 Ch),103.0,140.0,,d,Professionnel,zero,8900,False,"Break / Touring (probable, 'TS')",toyota,corolla,Toyota Vancayzeele Ieper,BE-8900 Ieper,,2026-08-25T01:24:44.926399,2025,50.8511,2.8857,Ieper
06275a10-b34a-4d0e-8ccf-d0198a3c7ea6,Toyota Corolla 1.8 HYB  HATCHBACK style +tech pack,35995,unknown,9500,unknown,- (Année),2,Electrique/Essence,,72 kW (98 Ch),72.0,98.0,,d,Professionnel,zero,9990,False,Berline / 5 portes (non détecté comme break),toyota,corolla,Toyota Lievens Brugge - Maldegem - Oostende,BE-9990 Maldegem,,2026-08-25T01:24:51.205546,,51.2074,3.4451,Maldegem
45c4d7eb-eaeb-4202-89d0-2f2e23ac8761,Toyota Corolla TS Teamplayer+cam+gps+sens V+A,29950,fair-price,17903,03-2025,03/2025,2,Electrique/Essence,,103 kW (140 Ch),103.0,140.0,,d,Professionnel,zero,8900,False,"Break / Touring (probable, 'TS')",toyota,corolla,Toyota Vancayzeele Ieper,BE-8900 Ieper,,2026-08-25T01:24:51.261033,2025,50.8511,2.8857,Ieper
d35384be-4f2e-4e73-8f97-c4ec34856d98,Toyota Corolla 2.0 Hyb TS Style + tech pack,33995,somewhat-expensive,20285,01-2025,01/2025,2,Electrique/Essence,,112 kW (152 Ch),112.0,152.0,,d,Professionnel,zero,9990,False,"Break / Touring (probable, 'TS')",toyota,corolla,Toyota Lievens Brugge - Maldegem - Oostende,BE-9990 Maldegem,,2026-08-25T01:24:51.324239,2025,51.2074,3.4451,Maldegem
03e51c5b-4f22-4121-a49d-42be599ab8b2,Toyota Corolla TS Premium+cam+gps+sens V+A,31950,fair-price,15000,03-2025,03/2025,2,Electrique/Essence,,103 kW (140 Ch),103.0,140.0,,d,Professionnel,zero,8900,False,"Break / Touring (probable, 'TS')",toyota,corolla,Toyota Vancayzeele Ieper,BE-8900 Ieper,,2026-08-25T01:24:51.388210,2025,50.8511,2.8857,Ieper
6ebdc231-d7ab-406a-bf33-bdb434d85f6a,Toyota Corolla GR Sport,33990,unknown,40000,03-2024,03/2024,2,Electrique/Essence,,72 kW (98 Ch),72.0,98.0,,d,Professionnel,zero,6700,True,Berline / 5 portes (non détecté comme break),toyota,corolla,AutoScout24 Luxembourg,BE-6700 Arlon,,2026-08-25T01:24:51.455167,2024,49.6833,5.8167,Arlon
f619a094-42f0-47ea-a604-d3fc58c0d5ec,Toyota Corolla 140hp HEV TS Premium | head up | all seasons,33990,somewhat-expensive,36467,03-2025,03/2025,2,Electrique/Essence,,72 kW (98 Ch),72.0,98.0,,d,Professionnel,zero,1200,False,"Break / Touring (probable, 'TS')",toyota,corolla,Toyota City Approved Used Woluwe,BE-1200 Woluwe-Saint-Lambert,,2026-08-25T01:24:51.510801,2025,50.8439,4.4291,Woluwe-Saint-Lambert
283ee473-5c96-4e54-9566-d825724bc721,Toyota Corolla 1.8 Hyb STYLE + TECH PACK,32995,fair-price,7043,06-2024,06/2024,2,Electrique/Essence,,72 kW (98 Ch),72.0,98.0,,d,Professionnel,zero,9990,False,Berline / 5 portes (non détecté comme break),toyota,corolla,Toyota Lievens Brugge - Maldegem - Oostende,BE-9990 Maldegem,,2026-08-25T01:24:51.564569,2024,51.2074,3.4451,Maldegem
3fbbaefd-4bc6-45aa-8b21-6a32b2b1a563,Toyota Corolla TS Teamplayer+cam+gps+sens V+A,29950,fair-price,16655,03-2025,03/2025,2,Electrique/Essence,,103 kW (140 Ch),103.0,140.0,,d,Professionnel,zero,8800,False,"Break / Touring (probable, 'TS')",toyota,corolla,Toyota Vancayzeele Roeselare,BE-8800 Roeselare,,2026-08-25T01:24:51.618296,2025,50.9325,3.1672,Rumbeke
9c47c8f1-cc0b-42f7-a9e9-e6fbd78b3d4c,Toyota Corolla Corolla SW Hybrid 1.8 Style GPF e-CVT,18700,good-price,86444,11-2021,11/2021,2,Electrique/Essence,,72 kW (98 Ch),72.0,98.0,,p,Inconnu (p),many,1851,False,Break / Touring (détecté),toyota,corolla,Particulier,BE-1851 Grimbergen,,2026-08-25T01:24:51.674371,2021,50.968,4.3796,Humbeek
f7ea250c-54ba-48f4-9604-8a7fc452975f,Toyota Corolla 1.8 Hyb TS STYLE +TECH PACK,31750,somewhat-expensive,16995,02-2024,02/2024,2,Electrique/Essence,,103 kW (140 Ch),103.0,140.0,,d,Professionnel,zero,9990,False,"Break / Touring (probable, 'TS')",toyota,corolla,Toyota Lievens Brugge - Maldegem - Oostende,BE-9990 Maldegem,,2026-08-25T01:24:51.726404,2024,51.2074,3.4451,Maldegem
589b2221-d4ec-4920-8b10-62add143404a,Toyota Corolla Style + Winter + Tech Pack,31950,good-price,10,06-2026,06/2026,2,Electrique/Essence,,103 kW (140 Ch),103.0,140.0,,d,Professionnel,zero,9190,False,Berline / 5 portes (non détecté comme break),toyota,corolla,Toyota Garage Pieters - P2cars,BE-9190 Stekene,,2026-08-25T01:24:51.778117,2026,51.2099,4.0365,Stekene
cd9c5c40-636d-47c0-bfcf-c76f1978e066,Toyota Corolla TS Teamplayer+cam+gps+sens V+A,29950,fair-price,18616,04-2025,04/2025,2,Electrique/Essence,,103 kW (140 Ch),103.0,140.0,,d,Professionnel,zero,8800,False,"Break / Touring (probable, 'TS')",toyota,corolla,Toyota Vancayzeele Roeselare,BE-8800 Roeselare,,2026-08-25T01:24:51.828866,2025,50.9325,3.1672,Rumbeke
fb920a40-1444-4f62-b142-e4f646c7bbcd,Toyota Corolla TS Teamplayer+cam+gps+sens V+A,29950,fair-price,15250,03-2025,03/2025,2,Electrique/Essence,,103 kW (140 Ch),103.0,140.0,,d,Professionnel,zero,8900,False,"Break / Touring (probable, 'TS')",toyota,corolla,Toyota Vancayzeele Ieper,BE-8900 Ieper,,2026-08-25T01:24:51.885883,2025,50.8511,2.8857,Ieper
412df099-f439-42b1-b58f-77b19ba9cb9e,Toyota Corolla 140hp HEV TS GR Sport BiTone | carplay | camera,34990,somewhat-expensive,23433,03-2025,03/2025,2,Electrique/Essence,,72 kW (98 Ch),72.0,98.0,,d,Professionnel,zero,1200,True,"Break / Touring (probable, 'TS')",toyota,corolla,Toyota City Approved Used Woluwe,BE-1200 Woluwe-Saint-Lambert,,2026-08-25T01:24:51.945484,2025,50.8439,4.4291,Woluwe-Saint-Lambert
6c9cdbfa-1070-46f8-9208-1223af5ba7dc,Toyota Corolla TS Teamplayer+cam+gps+sens V+A,29950,fair-price,16813,03-2025,03/2025,2,Electrique/Essence,,103 kW (140 Ch),103.0,140.0,,d,Professionnel,zero,8900,False,"Break / Touring (probable, 'TS')",toyota,corolla,Toyota Vancayzeele Ieper,BE-8900 Ieper,,2026-08-25T01:24:52.006819,2025,50.8511,2.8857,Ieper
0cd61333-284a-4694-b26d-4321a992f077,Toyota Corolla TS Teamplayer+cam+gps+sens V+A,29950,fair-price,15963,03-2025,03/2025,2,Electrique/Essence,,103 kW (140 Ch),103.0,140.0,,d,Professionnel,zero,8900,False,"Break / Touring (probable, 'TS')",toyota,corolla,Toyota Vancayzeele Ieper,BE-8900 Ieper,,2026-08-25T01:24:52.066868,2025,50.8511,2.8857,Ieper
38e05d3e-0715-49cc-b2da-4ad03374d751,Toyota Corolla TS Teamplayer+cam+gps+sens V+A,29950,fair-price,19803,03-2025,03/2025,2,Electrique/Essence,,103 kW (140 Ch),103.0,140.0,,d,Professionnel,zero,8900,False,"Break / Touring (probable, 'TS')",toyota,corolla,Toyota Vancayzeele Ieper,BE-8900 Ieper,,2026-08-25T01:24:52.119202,2025,50.8511,2.8857,Ieper
1f81336c-0b17-4fd9-b020-9f2b05276e40,Toyota Corolla TS Teamplayer+cam+gps+sens V+A,29950,fair-price,18339,04-2025,04/2025,2,Electrique/Essence,,103 kW (140 Ch),103.0,140.0,,d,Professionnel,zero,8900,False,"Break / Touring (probable, 'TS')",toyota,corolla,Toyota Vancayzeele Ieper,BE-8900 Ieper,,2026-08-25T01:24:52.174568,2025,50.8511,2.8857,Ieper
c567ed87-a8dd-40cc-b6f1-2291921eea9f,Toyota Corolla TS+Style+tech pack+cam+nav+sen,33900,good-price,10000,06-2025,06/2025,2,Electrique/Essence,,103 kW (140 Ch),103.0,140.0,,d,Professionnel,zero,8900,False,"Break / Touring (probable, 'TS')",toyota,corolla,Toyota Vancayzeele Ieper,BE-8900 Ieper,,2026-08-25T01:24:52.226107,2025,50.8511,2.8857,Ieper
c1dede16-e8c3-4bff-8bfc-064f2627de93,Toyota Corolla 1.8 Hybrid Style e-CVT GPF,33500,somewhat-expensive,120,09-2023,09/2023,b,Essence,,72 kW (98 Ch),72.0,98.0,,d,Professionnel,zero,3740,False,Berline / 5 portes (non détecté comme break),toyota,corolla,Garage Rorox bvba,BE-3740 Bilzen,,2026-08-25T01:24:52.276684,2023,50.8664,5.5443,Waltwilder
0fcf2762-9e24-4b21-8888-ed1f7dc93217,Toyota Corolla 1.8 Hyb Style + Tech Pack,31995,somewhat-expensive,6915,01-2024,01/2024,2,Electrique/Essence,,72 kW (98 Ch),72.0,98.0,,d,Professionnel,some,9990,False,Berline / 5 portes (non détecté comme break),toyota,corolla,Toyota Lievens Brugge - Maldegem - Oostende,BE-9990 Maldegem,,2026-08-25T01:24:59.335074,2024,51.2074,3.4451,Maldegem
510eebe9-89d0-43b0-8686-a475ba11d376,Toyota Corolla 1.8 Hyb Style CVT,33490,fair-price,2913,03-2024,03/2024,2,Electrique/Essence,,72 kW (98 Ch),72.0,98.0,,d,Professionnel,zero,9990,False,Berline / 5 portes (non détecté comme break),toyota,corolla,Toyota Lievens Brugge - Maldegem - Oostende,BE-9990 Maldegem,,2026-08-25T01:24:59.385866,2024,51.2074,3.4451,Maldegem
87f2397e-3ef5-42d1-8571-10ef05e2e921,Toyota Corolla 1.8 Hyb TS Style + Tech Pack,32995,fair-price,10995,03-2024,03/2024,2,Electrique/Essence,,72 kW (98 Ch),72.0,98.0,,d,Professionnel,zero,9990,False,"Break / Touring (probable, 'TS')",toyota,corolla,Toyota Lievens Brugge - Maldegem - Oostende,BE-9990 Maldegem,,2026-08-25T01:24:59.437094,2024,51.2074,3.4451,Maldegem
fd3e0536-c6ed-4e53-88d3-6b2a9067f322,Toyota Corolla TS Dynamic+Businesspack+cam+na,35100,fair-price,10000,05-2026,05/2026,2,Electrique/Essence,,103 kW (140 Ch),103.0,140.0,,d,Professionnel,zero,8900,False,"Break / Touring (probable, 'TS')",toyota,corolla,Toyota Vancayzeele Ieper,BE-8900 Ieper,,2026-08-25T01:24:59.494516,2026,50.8511,2.8857,Ieper
1e5f0fa5-e43f-4987-b55f-ec9632f3ec1f,Toyota Corolla Style - Garantie,33990,fair-price,20,04-2026,04/2026,2,Electrique/Essence,,72 kW (98 Ch),72.0,98.0,,d,Professionnel,zero,9050,False,Berline / 5 portes (non détecté comme break),toyota,corolla,CIAC Toyota Gent,BE-9050 Ledeberg,,2026-08-25T01:24:59.551992,2026,51.0369,3.7651,Gentbrugge
9a20001b-fa73-4dcb-8818-0f756c19e0a3,Toyota Corolla GR Sport,37900,somewhat-expensive,9948,06-2025,06/2025,2,Electrique/Essence,,72 kW (98 Ch),72.0,98.0,,d,Professionnel,zero,9870,True,Berline / 5 portes (non détecté comme break),toyota,corolla,Toyota Certified - De Prins,BE-9870 Zulte,,2026-08-25T01:24:59.612553,2025,50.9597,3.4905,Machelen
95bc8c9b-d1d3-4a2e-be15-bf69e209ebee,Toyota Corolla 1.8 Hybrid Comfort,18000,good-price,98155,05-2023,05/2023,2,Electrique/Essence,,90 kW (122 Ch),90.0,122.0,,p,Inconnu (p),many,8500,False,Berline / 5 portes (non détecté comme break),toyota,corolla,Particulier,BE-8500 Courtrai,,2026-08-25T01:24:59.671677,2023,50.828,3.2649,Kortrijk
35aba3e7-5fcf-4a47-a02c-e80f3b11af99,Toyota Corolla Style - Garantie,33990,fair-price,20,04-2026,04/2026,2,Electrique/Essence,,72 kW (98 Ch),72.0,98.0,,d,Professionnel,zero,9050,False,Berline / 5 portes (non détecté comme break),toyota,corolla,CIAC Toyota Gent,BE-9050 Ledeberg,,2026-08-25T01:24:59.724132,2026,51.0369,3.7651,Gentbrugge
8713fc4f-7674-4b86-8f8b-94caa337cafa,Toyota Corolla 1.8 Hybride Style,35900,somewhat-expensive,18285,10-2024,10/2024,2,Electrique/Essence,,72 kW (98 Ch),72.0,98.0,,d,Professionnel,zero,3130,False,Berline / 5 portes (non détecté comme break),toyota,corolla,Garage Wouters Begijnendijk nv,BE-3130 Begijnendijk,,2026-08-25T01:24:59.775521,2024,50.9868,4.7819,Betekom
6b03a360-544e-4b10-9a44-49b251c10abd,Toyota Corolla Touring Sports 1.8 Hybrid CVT Style de Direction a,35995,expensive,15838,11-2025,11/2025,2,Electrique/Essence,,72 kW (98 Ch),72.0,98.0,,d,Professionnel,zero,5570,False,Break / Touring (détecté),toyota,corolla,Auto W.E.B. Beauraing - Toyota,BE-5570 Beauraing,,2026-08-25T01:24:59.827452,2025,50.1178,4.889,Dion
698839d6-0147-4111-8262-1092116b3510,Toyota Corolla Style - Garantie,33990,fair-price,20,04-2026,04/2026,2,Electrique/Essence,,72 kW (98 Ch),72.0,98.0,,d,Professionnel,zero,9050,False,Berline / 5 portes (non détecté comme break),toyota,corolla,CIAC Toyota Gent,BE-9050 Ledeberg,,2026-08-25T01:24:59.882242,2026,51.0369,3.7651,Gentbrugge
